F_Gender_Present,ASK_Equity_N,Deal,Lifestyle/Home,Green/CleanTech,Automotive,Food based,Tech based,ASK_Equity,ASK_Amount,ASK_Valuation,DEAL_Equity,DEAL_Amount,DEAL_Valuation,Royalty,Loan,Barbara Corcoran,Mark Cuban,Lori Greiner,Robert Herjavec,Daymond John,Kevin O'Leary,Guest,# Sharks, Investment/shark,Year,Season,Episode,State,Business,Description,Category,Entrepreneur Gender
0,10,1,0,0,0,1,0,10.00%,250000,2500000,25.00%,250000,1000000,0,0,1,1,0,0,0,0,0,2,125000,2014,5,1,,Sweet Ballz,,Food and Beverage,Male
0,5,1,0,0,0,0,1,5.00%,300000,6000000,7.50%,300000,4000000,0,0,0,0,0,1,0,0,0,1,300000,2014,5,1,,Postcard on the Run,,Software/Tech,Male
1,20,0,0,0,0,1,0,20.00%,125000,625000,,,,0,0,0,0,0,0,0,0,0,,,2014,5,1,,Lynnaes Gourmet Pickles,,Food and Beverage,Female
0,20,0,0,0,0,0,0,20.00%,50000,250000,,,,0,0,0,0,0,0,0,0,0,,,2014,5,1,,RoloDoc,,Health/Wellness,Male
1,33,1,0,0,0,0,0,33.00%,150000,454545,40.00%,150000,375000,0,0,0,0,1,0,1,0,0,2,75000,2014,5,2,,Kane & Couture Dog Clothes,,Pet Products,Female
0,10,1,0,0,0,0,0,10.00%,250000,2500000,30.00%,1000000,3333333,0,0,0,1,1,1,1,1,0,5,200000,2014,5,2,,Breathometer,,Health/Wellness,Male
1,20,0,0,0,0,1,0,20.00%,75000,375000,,,,0,0,0,0,0,0,0,0,0,,,2014,5,2,,Mango Mango Preserve,,Food and Beverage,Female
0,10,0,0,0,0,0,0,10.00%,10000,100000,,,,0,0,0,0,0,0,0,0,0,,,2014,5,2,,Man Medals,"collectible, tacky medallions",Uncertain/Other,Male
0,15,1,0,0,0,0,0,15.00%,200000,1333333,33.00%,200000,606061,0,0,0,0,0,1,0,0,0,1,200000,2014,5,3,,Freeloader Child Carrier,,Travel,Male
0,10,1,0,0,0,1,0,10.00%,300000,3000000,15.00%,300000,2000000,0,Y,0,1,0,0,0,0,0,1,300000,2014,5,3,,Rapid Ramen Cooker,,Food and Beverage,Male
1,33,0,0,0,0,0,0,33.00%,35000,106061,,,,0,0,0,0,0,0,0,0,0,,,2014,5,3,,Fairy Tale Wishes,,Children/Education,Female
1,20,0,0,0,0,1,0,20.00%,50000,250000,,,,0,0,0,0,0,0,0,0,0,,,2014,5,3,,Kook n Kap,,Food and Beverage,Female
1,25,1,1,0,0,0,0,25.00%,30000,120000,50.00%,30000,60000,0,0,0,0,1,0,0,0,0,1,30000,2014,5,4,,Screen Mend,,Lifestyle/Home,Mixed Team
0,15,1,0,0,0,0,0,15.00%,100000,666667,30.00%,300000,1000000,0,0,0,0,0,1,0,0,0,1,300000,2014,5,4,,Hamboards Skateboard/Surfboard,,Fitness/Sports/Outdoors,Male
0,10,0,1,0,0,0,0,10.00%,75000,750000,,,,0,0,0,0,0,0,0,0,0,,,2014,5,4,,R Dubs Sunday Night Slow Jams,,Lifestyle/Home,Male
0,5,0,0,0,0,0,1,5.00%,1000000,20000000,,,,0,0,0,0,0,0,0,0,0,,,2014,5,4,,Scan. Me App,,Software/Tech,Male
1,15,1,0,0,0,1,0,15.00%,75000,500000,30.00%,75000,250000,0,0,1,1,0,0,0,0,0,2,37500,2014,5,5,,Veggie Mama Garden Pops,,Food and Beverage,Mixed Team
1,7,1,0,0,0,0,0,7.00%,600000,8571429,9.00%,300000,3333333,0,0,0,0,1,0,0,0,0,1,300000,2014,5,5,,Ruffle Butts - Rugged Butts,,Fashion/Beauty,Mixed Team
1,20,0,1,0,0,0,0,20.00%,50000,250000,,,,0,0,0,0,0,0,0,0,0,,,2014,5,5,,Bare Ease Bikini Waxing,,Lifestyle/Home,Female
0,25,0,0,0,0,0,0,25.00%,150000,600000,,,,0,0,0,0,0,0,0,0,0,,,2014,5,5,,Rent A Goat,book goats for land clearing,Pet Products,Male
1,20,1,0,0,0,0,0,20.00%,200000,1000000,50.00%,200000,400000,0,0,0,0,0,0,0,1,0,1,200000,2014,5,6,,Total Merchant Resources,,Business Services,Mixed Team
1,10,1,0,0,0,0,0,10.00%,2000000,20000000,20.00%,2000000,10000000,0,0,0,1,0,0,0,0,0,1,2000000,2014,5,6,,Ten Thirty One Haunted Hayrides,,Media/Entertainment,Female
0,10,1,1,0,0,0,0,10.00%,90000,900000,12.00%,250000,2083333,0,0,0,0,1,0,0,0,0,1,250000,2014,5,6,,Fiber Fix Tape,,Lifestyle/Home,Male
1,20,0,0,0,0,0,0,20.00%,50000,250000,,,,0,0,0,0,0,0,0,0,0,,,2014,5,6,TX,Elephant Chat,stuffed elephants,Uncertain/Other,Mixed Team
0,15,1,1,0,0,0,0,15.00%,300000,2000000,25.00%,300000,1200000,0,0,0,0,0,0,1,0,0,1,300000,2014,5,7,,180 Party Cup,,Lifestyle/Home,Male
0,20,1,0,1,0,0,0,20.00%,150000,750000,20.00%,150000,750000,0,0,0,0,0,0,0,0,1,1,150000,2014,5,7,,Tree T Pee,,Green/CleanTech,Male
0,7,1,0,1,0,0,0,7.00%,400000,5714286,17.00%,400000,2352941,0,Y,0,0,1,0,0,0,0,1,400000,2014,5,7,,Better Life Cleaning Products,,Green/CleanTech,Male
0,20,0,0,0,0,0,0,20.00%,250000,1250000,,,,0,0,0,0,0,0,0,0,0,,,2014,5,7,,Kymera Electric Surfboards,,Fitness/Sports/Outdoors,Male
0,20,1,1,0,0,0,0,20.00%,250000,1250000,33.00%,250000,757576,0,Y,0,0,1,0,0,1,0,2,125000,2014,5,8,,Paparazzi Proposals,,Lifestyle/Home,Male
1,20,0,0,0,0,1,0,20.00%,160000,800000,,,,0,0,0,0,0,0,0,0,0,,,2014,5,8,,Schulzies Bread Pudding,,Food and Beverage,Female
0,13,0,0,0,0,0,0,12.50%,500000,4000000,,,,0,0,0,0,0,0,0,0,0,,,2014,5,8,,BellyBuds,,Health/Wellness,Male
0,20,0,0,0,0,0,0,20.00%,200000,1000000,,,,0,0,0,0,0,0,0,0,0,,,2014,5,8,,PetPaint,,Pet Products,Male
1,10,0,0,0,0,0,0,10.00%,110000,1100000,,,,0,0,0,0,0,0,0,0,0,,,2014,5,9,,Surprise Ride,,Children/Education,Female
1,15,0,0,0,0,1,0,15.00%,150000,1000000,,,,0,0,0,0,0,0,0,0,0,,,2014,5,9,,Slawsa,,Food and Beverage,Female
0,10,0,1,0,0,0,0,10.00%,700000,7000000,,,,0,0,0,0,0,0,0,0,0,,,2014,5,9,,DoorBot,,Lifestyle/Home,Male
0,15,0,0,0,0,0,1,15.00%,500000,3333333,,,,0,0,0,0,0,0,0,0,0,,,2014,5,9,,Magic Moments,,Software/Tech,Male
1,10,1,0,0,0,0,0,10.00%,175000,1750000,10.00%,175000,1750000,0,Y,1,0,0,0,0,0,0,1,175000,2014,5,10,,Grace & Lace Knitted Boot Socks,,Fashion/Beauty,Mixed Team
1,15,1,0,0,0,0,0,15.00%,150000,1000000,20.00%,150000,750000,0,Y,0,0,0,1,0,1,0,2,75000,2014,5,10,,Yubo Customized Lunch Boxes,,Children/Education,Mixed Team
1,12,1,0,0,0,0,0,12.00%,55000,458333,15.00%,55000,366667,0,0,0,0,0,0,1,0,0,1,55000,2014,5,10,,PurseCase,,Fashion/Beauty,Female
0,20,0,0,0,0,1,0,20.00%,500000,2500000,,,,0,0,0,0,0,0,0,0,0,,,2014,5,10,,Chocomize Chocolate Bars,,Food and Beverage,Male
1,15,1,0,0,0,1,0,15.00%,300000,2000000,30.00%,300000,1000000,0,0,0,0,0,0,1,0,0,1,300000,2014,5,11,,De-Boned Baby Back Rib Steak,,Food and Beverage,Mixed Team
1,15,0,0,0,0,0,0,15.00%,450000,3000000,,,,0,0,0,0,0,0,0,0,0,,,2014,5,11,,SpiritHoods,,Fashion/Beauty,Mixed Team
1,30,0,0,0,0,0,0,30.00%,150000,500000,,,,0,0,0,0,0,0,0,0,0,,,2014,5,11,,FoHawx,,Fitness/Sports/Outdoors,Female
0,10,0,0,0,0,0,1,10.00%,2000000,20000000,,,,0,0,0,0,0,0,0,0,0,,,2014,5,11,,Virtuix Omni,,Software/Tech,Male
0,5,1,0,0,0,0,0,5.00%,100000,2000000,10.00%,100000,1000000,0,0,0,0,0,1,0,0,0,1,100000,2014,5,12,,Tipsy Elves,,Fashion/Beauty,Male
0,15,1,1,0,0,0,0,15.00%,50000,333333,35.00%,50000,142857,0,0,0,0,0,0,1,0,0,1,50000,2014,5,12,,One Life Products,,Lifestyle/Home,Male
1,15,0,0,0,0,0,0,15.00%,45000,300000,,,,0,0,0,0,0,0,0,0,0,,,2014,5,12,,Cashmere Hair,,Fashion/Beauty,Female
0,20,0,1,0,0,0,0,20.00%,125000,625000,,,,0,0,0,0,0,0,0,0,0,,,2014,5,12,,Lite-Netics,,Lifestyle/Home,Male
1,20,1,0,0,0,0,1,20.00%,150000,750000,,150000,,0,0,0,1,0,0,0,1,0,2,75000,2014,5,13,,GrooveBook,,Software/Tech,Mixed Team
0,10,1,1,0,0,0,0,10.00%,150000,1500000,0.00%,150000,,0,0,0,0,0,1,0,0,0,1,150000,2014,5,13,,The Wall DoctoRX,,Lifestyle/Home,Male
0,20,0,0,0,0,0,0,20.00%,30000,150000,,,,0,0,0,0,0,0,0,0,0,,,2014,5,13,,Bounce Boot Camp,,Children/Education,Male
0,10,0,0,0,0,0,1,10.00%,50000,500000,,,,0,0,0,0,0,0,0,0,0,,,2014,5,13,,EyeBloc,,Software/Tech,Male
0,10,1,0,0,0,0,0,10.00%,175000,1750000,50.00%,175000,350000,0,0,0,0,1,1,0,0,0,2,87500,2014,5,14,,LockerBones,,Children/Education,Male
0,10,1,0,0,0,0,1,10.00%,125000,1250000,10.00%,125000,1250000,1,0,0,0,1,0,0,0,0,1,125000,2014,5,14,,InvisiPlug,,Software/Tech,Male
0,30,0,0,0,0,0,0,30.00%,250000,833333,,,,0,0,0,0,0,0,0,0,0,,,2014,5,14,,Balloon Distractions,,Children/Education,Male
1,20,0,0,0,0,0,0,20.00%,100000,500000,,,,0,0,0,0,0,0,0,0,0,,,2014,5,14,,Alaska Glacial Mud Co.,,Fashion/Beauty,Female
1,5,1,0,0,0,0,0,5.00%,60000,1200000,20.00%,60000,300000,0,0,0,0,1,0,0,0,0,1,60000,2014,5,15,,SwimZip,,Children/Education,Mixed Team
1,10,1,0,0,0,0,0,10.00%,150000,1500000,25.00%,150000,600000,0,0,0,0,0,0,1,0,0,1,150000,2014,5,15,,Freshly Picked,,Children/Education,Female
0,20,0,0,0,0,0,0,20.00%,300000,1500000,,,,0,0,0,0,0,0,0,0,0,,,2014,5,15,,FitDeck,,Fitness/Sports/Outdoors,Male
0,30,0,0,0,0,0,0,30.00%,200000,666667,,,,0,0,0,0,0,0,0,0,0,,,2014,5,15,,LifeCaps,,Health/Wellness,Male
1,20,1,0,0,0,1,0,20.00%,50000,250000,30.00%,100000,333333,0,0,0,0,1,0,0,0,1,2,50000,2014,5,16,,The Cookie Dough Cafe,,Food and Beverage,Female
0,5,1,0,0,0,0,1,5.00%,90000,1800000,15.00%,500000,3333333,0,0,0,1,1,0,0,0,0,2,250000,2014,5,16,,Cycloramic,,Software/Tech,Male
0,10,0,0,0,0,0,0,10.00%,2000000,20000000,,,,0,0,0,0,0,0,0,0,0,,,2014,5,16,,Nexersys,,Fitness/Sports/Outdoors,Male
1,10,0,0,0,0,1,0,10.00%,250000,2500000,,,,0,0,0,0,0,0,0,0,0,,,2014,5,16,,Cow Wow Cereal Milk,,Food and Beverage,Mixed Team
0,15,1,0,0,0,0,0,15.00%,100000,666667,45.00%,150000,333333,0,0,0,0,0,0,1,0,0,1,150000,2014,5,17,,Spy Escape and Evasion,,Children/Education,Male
1,25,1,0,0,0,1,0,25.00%,100000,400000,38.00%,100000,263158,0,0,1,0,0,0,0,0,0,1,100000,2014,5,17,,Southern Culture Artisan Foods,,Food and Beverage,Female
0,5,0,0,0,0,0,0,5.00%,200000,4000000,,,,0,0,0,0,0,0,0,0,0,,,2014,5,17,,DDP Yoga,,Fitness/Sports/Outdoors,Male
0,15,0,0,0,0,1,0,15.00%,50000,333333,,,,0,0,0,0,0,0,0,0,0,,,2014,5,17,,Moberi,,Food and Beverage,Male
1,10,1,1,0,0,0,0,10.00%,200000,2000000,10.00%,200000,2000000,0,0,0,0,1,0,0,0,0,1,200000,2014,5,18,,Bambooee,,Lifestyle/Home,Mixed Team
1,5,0,0,0,0,0,0,5.00%,500000,10000000,,,,0,0,0,0,0,0,0,0,0,,,2014,5,18,,Buzzy4Shots,,Health/Wellness,Female
1,20,0,1,0,0,0,0,20.00%,75000,375000,,,,0,0,0,0,0,0,0,0,0,,,2014,5,18,,ZipIt,,Lifestyle/Home,Female
1,10,0,0,0,0,0,1,10.00%,100000,1000000,,,,0,0,0,0,0,0,0,0,0,,,2014,5,18,,Cheek'd,,Software/Tech,Female
0,25,1,0,0,0,0,0,25.00%,200000,800000,35.00%,200000,571429,0,0,0,1,0,0,0,0,0,1,200000,2014,5,19,,U-Lace,,Fashion/Beauty,Male
0,10,1,0,0,0,0,0,10.00%,150000,1500000,10.00%,300000,3000000,0,0,0,0,0,1,0,0,0,1,300000,2014,5,19,,RevoLights,,Fitness/Sports/Outdoors,Male
1,20,0,0,0,0,0,0,20.00%,80000,400000,,,,0,0,0,0,0,0,0,0,0,,,2014,5,19,,Squeeky Knees,,Children/Education,Mixed Team
0,25,0,0,0,0,0,0,25.00%,75000,300000,,,,0,0,0,0,0,0,0,0,0,,,2014,5,19,,The Buffer Bit,,Fashion/Beauty,Male
0,25,1,0,0,0,1,0,25.00%,150000,600000,75.00%,300000,400000,0,0,0,1,0,1,0,0,0,2,150000,2014,5,20,,Henry's Humdingers,,Food and Beverage,Male
1,18,1,0,0,0,0,0,17.50%,100000,571429,25.00%,100000,400000,0,0,0,0,0,0,0,1,0,1,100000,2014,5,20,,Boo Boo Goo,,Health/Wellness,Mixed Team
0,20,1,0,0,0,0,1,20.00%,100000,500000,20.00%,100000,500000,0,0,1,1,0,0,0,0,0,2,50000,2014,5,20,,Iretron,,Software/Tech,Male
0,20,0,0,0,0,1,0,20.00%,100000,500000,,,,0,0,0,0,0,0,0,0,0,,,2014,5,20,,Define Bottle,,Food and Beverage,Male
1,10,0,0,0,0,0,0,10.00%,200000,2000000,,,,0,0,0,0,0,0,0,0,0,,,2014,5,21,,Packback Books,,Children/Education,Mixed Team
0,5,1,0,0,0,1,0,5.00%,50000,1000000,15.00%,50000,333333,0,0,0,1,0,0,0,0,0,1,50000,2014,5,21,,Chapul,,Food and Beverage,Male
0,30,1,1,0,0,0,0,30.00%,275000,916667,35.00%,275000,785714,0,0,0,0,0,0,1,0,0,1,275000,2014,5,21,,Garage Door Lock,,Lifestyle/Home,Male
0,20,0,1,0,0,0,0,20.00%,25000,125000,,,,0,0,0,0,0,0,0,0,0,,,2014,5,21,,MorningHead,,Lifestyle/Home,Male
0,4,1,0,0,0,1,0,4.00%,500000,12500000,5.60%,500000,8992806,0,0,0,1,0,0,0,0,0,1,500000,2014,5,22,,Plated,,Food and Beverage,Male
1,30,1,1,0,0,0,0,30.00%,100000,333333,35.00%,100000,285714,0,0,0,1,1,0,0,0,0,2,50000,2014,5,22,,Monkey Mat,,Lifestyle/Home,Female
0,10,1,1,0,0,0,0,10.00%,50000,500000,20.00%,100000,500000,0,0,0,0,1,0,0,0,0,1,100000,2014,5,22,,The Paint Brush Cover,,Lifestyle/Home,Male
0,10,0,0,0,0,1,0,10.00%,500000,5000000,,,,0,0,0,0,0,0,0,0,0,,,2014,5,22,,Kodiak Cakes,,Food and Beverage,Male
0,15,1,0,0,0,0,0,15.00%,225000,1500000,30.00%,225000,750000,0,0,0,1,0,1,0,1,0,3,75000,2014,5,23,,Velocity Signs,,Business Services,Male
0,15,1,0,0,0,0,0,15.00%,375000,2500000,25.00%,375000,1500000,0,0,0,0,0,1,0,0,0,1,375000,2014,5,23,,Happy Feet,,Fashion/Beauty,Male
1,20,1,0,0,0,0,0,20.00%,75000,375000,40.00%,100000,250000,0,0,1,0,1,0,0,0,0,2,50000,2014,5,23,,Hold Your Haunches,,Fashion/Beauty,Female
0,30,0,0,0,0,1,0,30.00%,500000,1666667,,,,0,0,0,0,0,0,0,0,0,,,2014,5,23,,Lord Nut Levington,,Food and Beverage,Male
0,20,1,0,0,0,0,0,20.00%,125000,625000,20.00%,125000,625000,0,0,0,0,1,0,0,1,0,2,62500,2014,5,24,,Fun Time Express,,Children/Education,Male
0,10,1,0,0,0,1,0,10.00%,250000,2500000,12.00%,250000,2083333,0,0,0,1,0,0,0,0,0,1,250000,2014,5,24,,PowerPot,,Food and Beverage,Male
0,10,0,1,0,0,0,0,10.00%,150000,1500000,,,,0,0,0,0,0,0,0,0,0,,,2014,5,24,,Quickstop Fire Sprinkler Tools,,Lifestyle/Home,Male
0,10,0,0,0,0,0,1,10.00%,100000,1000000,,,,0,0,0,0,0,0,0,0,0,,,2014,5,24,,Taylor Robinson Music,,Software/Tech,Male
1,15,1,0,0,0,0,0,15.00%,250000,1666667,30.00%,250000,833333,0,0,0,1,0,0,0,0,0,1,250000,2014,5,25,,ZooBean,,Children/Education,Mixed Team
0,15,0,1,0,0,0,0,15.00%,350000,2333333,,,,0,0,0,0,0,0,0,0,0,,,2014,5,25,,iLumi,,Lifestyle/Home,Male
1,15,0,0,0,0,0,0,15.00%,75000,500000,,,,0,0,0,0,0,0,0,0,0,,,2014,5,25,,Fort Magic,,Children/Education,Female
0,10,0,0,0,0,1,0,10.00%,250000,2500000,,,,0,0,0,0,0,0,0,0,0,,,2014,5,25,,Intelli-Stopper Technology,,Food and Beverage,Male
0,10,1,0,0,0,0,0,10.00%,1000000,10000000,25.00%,1750000,7000000,0,0,0,1,0,0,0,0,0,1,1750000,2014,5,26,,Rugged Maniac,,Fitness/Sports/Outdoors,Male
0,20,1,0,0,0,0,0,20.00%,75000,375000,40.00%,75000,187500,0,0,1,0,0,0,0,0,0,1,75000,2014,5,26,,Cerebral Success,,Health/Wellness,Male
1,20,0,0,0,0,0,0,20.00%,50000,250000,,,,0,0,0,0,0,0,0,0,0,,,2014,5,26,,Mo's Bows,,Fashion/Beauty,Mixed Team
0,10,0,0,0,0,1,0,10.00%,1000000,10000000,,,,0,0,0,0,0,0,0,0,0,,,2014,5,26,,Crio,,Food and Beverage,Male
0,10,1,0,0,0,0,0,10.00%,500000,5000000,15.00%,500000,3333333,0,0,0,0,1,0,0,0,0,1,500000,2014,5,27,,Angellift,,Fashion/Beauty,Male
0,30,0,1,0,0,0,0,30.00%,80000,266667,,,,0,0,0,0,0,0,0,0,0,,,2014,5,27,,HangEase,,Lifestyle/Home,Male
0,3,0,1,0,0,0,0,3.00%,258000,8600000,,,,0,0,0,0,0,0,0,0,0,,,2014,5,27,,The Bouqs Company,,Lifestyle/Home,Male
1,10,0,1,0,0,0,0,10.00%,250000,2500000,,,,0,0,0,0,0,0,0,0,0,,,2014,5,27,,Susty Party,,Lifestyle/Home,Female
0,12,1,0,0,0,0,0,12.00%,500000,4166667,25.00%,500000,2000000,0,0,0,0,0,1,0,0,0,1,500000,2014,5,28,,Oru Kayak,,Fitness/Sports/Outdoors,Male
1,35,1,0,0,0,1,0,35.00%,150000,428571,35.00%,150000,428571,0,0,0,1,0,0,0,0,0,1,150000,2014,5,28,,Bon Affair,,Food and Beverage,Female
1,20,0,0,0,0,1,0,20.00%,200000,1000000,,,,0,0,0,0,0,0,0,0,0,,,2014,5,28,,Cinnaholic,,Food and Beverage,Mixed Team
0,25,0,0,0,0,0,0,25.00%,250000,1000000,,,,0,0,0,0,0,0,0,0,0,,,2014,5,28,WA,Hargitt Marine Services,treasure hunting,Fitness/Sports/Outdoors,Male
1,15,1,0,0,0,0,1,15.00%,75000,500000,40.00%,100000,250000,0,0,0,1,0,0,0,0,0,1,100000,2014,5,29,,Foot Fairy,,Software/Tech,Female
1,20,1,1,0,0,0,0,20.00%,50000,250000,40.00%,50000,125000,0,0,0,0,1,0,0,0,0,1,50000,2014,5,29,,BZbox,,Lifestyle/Home,Female
0,10,0,0,0,0,0,0,10.00%,125000,1250000,,,,0,0,0,0,0,0,0,0,0,,,2014,5,29,,Tie-Not,,Children/Education,Male
1,20,0,0,0,0,1,0,20.00%,400000,2000000,,,,0,0,0,0,0,0,0,0,0,,,2014,5,29,,Baker's Edge,,Food and Beverage,Mixed Team
1,10,1,0,0,0,0,0,10.00%,200000,2000000,20.00%,200000,1000000,0,0,0,0,0,0,1,0,0,1,200000,2015,6,1,,Sleeping Baby,,Children/Education,Mixed Team
0,5,1,0,0,0,0,0,5.00%,200000,4000000,17.50%,200000,1142857,0,0,0,0,0,0,1,0,0,1,200000,2015,6,1,,Bombas,,Fashion/Beauty,Male
0,20,0,0,0,0,0,0,20.00%,200000,1000000,,,,0,0,0,0,0,0,0,0,0,,,2015,6,1,,Hammer & Nails,,Fashion/Beauty,Male
0,20,0,0,0,0,0,1,20.00%,200000,1000000,,,,0,0,0,0,0,0,0,0,0,,,2015,6,1,,Amber,,Software/Tech,Male
0,15,1,0,0,0,0,0,15.00%,150000,1000000,30.00%,150000,500000,0,0,0,0,0,1,0,0,0,1,150000,2015,6,2,,Kronos,,Fitness/Sports/Outdoors,Male
1,5,1,0,0,0,0,0,5.00%,500000,10000000,5.00%,500000,10000000,0,0,0,1,1,0,0,0,0,2,250000,2015,6,2,,Roominate,,Children/Education,Female
0,15,0,1,0,0,0,0,15.00%,75000,500000,,,,0,0,0,0,0,0,0,0,0,,,2015,6,2,,The Floating Mug Co.,,Lifestyle/Home,Male
0,20,0,1,0,0,0,0,20.00%,125000,625000,,,,0,0,0,0,0,0,0,0,0,,,2015,6,2,,Wedding Wagon,,Lifestyle/Home,Male
1,10,1,0,0,0,0,0,10.00%,25000,250000,40.00%,50000,125000,0,0,0,0,0,0,1,0,0,1,50000,2015,6,3,,Heart Pup,,Pet Products,Female
0,10,0,0,0,0,0,0,10.00%,260000,2600000,,,,0,0,0,0,0,0,0,0,0,,,2015,6,3,,SoapSox,,Children/Education,Male
0,30,0,0,0,0,0,0,30.00%,60000,200000,,,,0,0,0,0,0,0,0,0,0,,,2015,6,3,,Ninja Cards,,Children/Education,Male
1,5,0,0,0,0,0,0,5.00%,150000,3000000,,,,0,0,0,0,0,0,0,0,0,,,2015,6,3,,DrumPants,,Fashion/Beauty,Mixed Team
0,25,1,0,0,0,0,0,25.00%,35000,140000,50.00%,35000,70000,0,0,0,0,0,1,0,0,0,1,35000,2015,6,4,,Paper Box Pilots,,Children/Education,Male
0,5,1,1,0,0,0,0,5.00%,150000,3000000,15.00%,150000,1000000,0,0,0,0,1,0,0,0,0,1,150000,2015,6,4,,Reviver,,Lifestyle/Home,Male
1,25,0,0,0,0,1,0,25.00%,285000,1140000,,,,0,0,0,0,0,0,0,0,0,,,2015,6,4,,FunCakes Rental,,Food and Beverage,Female
0,25,0,1,0,0,0,0,25.00%,100000,400000,,,,0,0,0,0,0,0,0,0,0,,,2015,6,4,,Table Jacks,,Lifestyle/Home,Male
1,5,1,0,0,0,0,0,5.00%,600000,12000000,20.00%,1200000,6000000,0,0,0,1,0,1,0,0,0,2,600000,2015,6,5,,The Red Dress Boutique,,Fashion/Beauty,Mixed Team
0,5,1,0,0,0,0,0,5.00%,300000,6000000,20.00%,300000,1500000,0,0,0,0,0,0,1,0,0,1,300000,2015,6,5,,SunStaches,,Fashion/Beauty,Male
1,20,0,0,0,0,0,0,20.00%,100000,500000,,,,0,0,0,0,0,0,0,0,0,,,2015,6,5,,Jungle JumpaRoo,,Children/Education,Mixed Team
1,20,0,0,0,0,0,0,20.00%,100000,500000,,,,0,0,0,0,0,0,0,0,0,,,2015,6,5,,The Caddy Girls,,Fitness/Sports/Outdoors,Female
1,10,1,0,0,0,0,1,10.00%,400000,4000000,,400000,,1,0,0,0,0,0,0,1,0,1,400000,2015,6,6,,Honeyfund,,Software/Tech,Mixed Team
1,10,1,0,0,0,1,0,10.00%,200000,2000000,33.00%,1000000,3030303,0,0,0,1,0,0,0,0,0,1,1000000,2015,6,6,,BeatBox Beverages,,Food and Beverage,Mixed Team
0,35,0,0,0,0,1,0,35.00%,500000,1428571,,,,0,0,0,0,0,0,0,0,0,,,2015,6,6,,Oilerie USA,,Food and Beverage,Male
0,10,0,0,0,0,0,1,10.00%,250000,2500000,,,,0,0,0,0,0,0,0,0,0,,,2015,6,6,,EmergenSee,,Software/Tech,Male
1,10,1,0,0,0,0,0,10.00%,60000,600000,25.00%,75000,300000,0,0,0,0,0,0,1,0,0,1,75000,2015,6,7,,Myself Belts,,Children/Education,Female
0,5,1,0,0,0,0,0,5.00%,500000,10000000,20.00%,500000,2500000,0,0,0,0,0,0,1,0,0,1,500000,2015,6,7,,Titin,,Fitness/Sports/Outdoors,Male
0,5,0,0,0,0,0,0,5.00%,1500000,30000000,,,,0,0,0,0,0,0,0,0,0,,,2015,6,7,,SingTrix,,Children/Education,Male
0,15,0,0,0,0,0,0,15.00%,400000,2666667,,,,0,0,0,0,0,0,0,0,0,,,2015,6,7,,Beardbrand,,Fashion/Beauty,Male
1,20,1,0,0,0,0,0,20.00%,100000,500000,25.00%,125000,500000,0,0,0,0,0,1,0,0,0,1,125000,2015,6,8,,The Natural Grip,,Fitness/Sports/Outdoors,Female
0,10,1,0,0,0,1,0,10.00%,150000,1500000,20.00%,150000,750000,0,0,0,1,0,0,0,1,0,2,75000,2015,6,8,,Bottle Breacher,,Food and Beverage,Male
0,29,0,0,0,0,0,0,29.00%,200000,689655,,,,0,0,0,0,0,0,0,0,0,,,2015,6,8,,Man-Pack,,Fashion/Beauty,Male
1,15,0,0,0,0,0,0,15.00%,75000,500000,,,,0,0,0,0,0,0,0,0,0,,,2015,6,8,,Priority One Canine,,Pet Products,Mixed Team
1,20,1,0,0,0,1,0,20.00%,125000,625000,30.00%,125000,416667,0,0,0,0,1,0,0,0,0,1,125000,2015,6,9,,Heidi Ho,,Food and Beverage,Female
1,5,1,1,0,0,0,0,5.00%,350000,7000000,10.00%,350000,3500000,0,0,0,0,1,0,0,0,0,1,350000,2015,6,9,,Squatty Potty,,Lifestyle/Home,Mixed Team
1,10,1,0,0,0,1,0,10.00%,200000,2000000,10.00%,200000,2000000,1,0,1,0,0,0,0,0,0,1,200000,2015,6,9,,Pipsnacks,,Food and Beverage,Mixed Team
0,10,0,1,0,0,0,0,10.00%,100000,1000000,,,,0,0,0,0,0,0,0,0,0,,,2015,6,9,,Storm Stoppers,,Lifestyle/Home,Male
1,20,1,0,0,0,1,0,20.00%,100000,500000,33.00%,100000,303030,0,0,0,0,0,0,1,0,0,1,100000,2015,6,10,,MagicCook,,Food and Beverage,Female
0,20,1,1,0,0,0,0,20.00%,160000,800000,30.00%,160000,533333,0,0,0,0,1,0,0,0,0,1,160000,2015,6,10,,Earth Log,,Lifestyle/Home,Male
0,5,1,0,0,0,1,0,5.00%,100000,2000000,20.00%,100000,500000,0,0,0,0,1,0,0,0,1,2,50000,2015,6,10,,Kitchen Safe,,Food and Beverage,Male
0,15,0,0,0,0,1,0,15.00%,100000,666667,,,,0,0,0,0,0,0,0,0,0,,,2015,6,10,,Off the Cob,,Food and Beverage,Male
0,30,1,1,0,0,0,0,30.00%,500000,1666667,33.00%,500000,1515152,0,0,0,0,1,0,0,0,0,1,500000,2015,6,11,,Biaggi,,Lifestyle/Home,Male
1,20,1,0,0,0,0,0,20.00%,500000,2500000,30.00%,500000,1666667,0,0,0,1,0,0,0,0,0,1,500000,2015,6,11,,Gameday Couture,,Fashion/Beauty,Mixed Team
0,10,1,0,0,0,1,0,10.00%,2500000,25000000,10.00%,2500000,25000000,0,0,0,0,0,0,0,1,0,1,2500000,2015,6,11,,Zipz,,Food and Beverage,Male
1,20,0,0,0,0,0,0,20.00%,125000,625000,,,,0,0,0,0,0,0,0,0,0,,,2015,6,11,,Soaps Washes and Grooming Essentials (aka S.W.A.G. Essentials),,Fashion/Beauty,Female
1,10,1,1,0,0,0,0,10.00%,50000,500000,49.00%,100000,204082,0,0,1,0,0,0,0,0,0,1,100000,2015,6,12,,Hoppy Paws,,Lifestyle/Home,Female
1,20,1,0,0,0,0,0,20.00%,20000,100000,25.00%,25000,100000,0,0,1,1,0,0,0,0,0,2,12500,2015,6,12,,Q-Flex,,Health/Wellness,Female
0,10,1,1,0,0,0,0,10.00%,150000,1500000,15.00%,150000,1000000,0,0,0,0,1,1,0,0,0,2,75000,2015,6,12,,The Mensch on a Bench,,Lifestyle/Home,Male
0,20,0,1,0,0,0,0,20.00%,75000,375000,,,,0,0,0,0,0,0,0,0,0,,,2015,6,12,,Eve Drop,,Lifestyle/Home,Male
1,11,1,0,0,0,1,0,11.00%,275000,2500000,25.00%,275000,1100000,0,0,0,0,1,0,0,0,0,1,275000,2015,6,13,,Bantam Bagels,,Food and Beverage,Mixed Team
0,10,1,1,0,0,0,0,10.00%,250000,2500000,12.00%,250000,2083333,0,0,0,0,0,1,0,0,0,1,250000,2015,6,13,,Doorman,,Lifestyle/Home,Male
1,20,0,0,0,0,0,0,20.00%,100000,500000,,,,0,0,0,0,0,0,0,0,0,,,2015,6,13,,SkinnyShirt,,Fashion/Beauty,Female
1,5,0,0,0,0,0,1,5.00%,500000,10000000,,,,0,0,0,0,0,0,0,0,0,,,2015,6,13,,Coffee Meets Bagel,,Software/Tech,Female
1,30,1,0,0,0,0,0,30.00%,100000,333333,100.00%,200000,200000,0,0,0,1,0,0,0,0,0,1,200000,2015,6,14,,Evrewares,,Fashion/Beauty,Female
0,15,1,1,0,0,0,0,15.00%,75000,500000,33.00%,75000,227273,0,0,0,0,1,0,0,0,0,1,75000,2015,6,14,,Bottle Bright,,Lifestyle/Home,Male
1,20,1,0,0,0,1,0,20.00%,150000,750000,20.00%,150000,750000,0,Y,1,0,0,0,0,0,0,1,150000,2015,6,14,,Scratch & Grain Baking Co,,Food and Beverage,Female
0,10,0,0,0,0,0,0,10.00%,50000,500000,,,,0,0,0,0,0,0,0,0,0,,,2015,6,14,,Vestpakz,,Children/Education,Male
1,20,1,0,0,0,0,0,20.00%,100000,500000,35.00%,100000,285714,0,0,0,0,0,0,1,0,0,1,100000,2015,6,15,,TurboPUP,,Pet Products,Female
0,8,1,1,0,0,0,0,8.00%,250000,3125000,10.00%,350000,3500000,0,0,0,0,0,1,0,0,0,1,350000,2015,6,15,,Lumio,,Lifestyle/Home,Male
0,6,0,0,0,0,0,0,6.00%,360000,6000000,,,,0,0,0,0,0,0,0,0,0,,,2015,6,15,,Bello Verde,,Fashion/Beauty,Male
0,10,0,1,0,0,0,0,10.00%,100000,1000000,,,,0,0,0,0,0,0,0,0,0,,,2015,6,15,,Napwell,,Lifestyle/Home,Male
1,10,1,0,0,0,1,0,10.00%,300000,3000000,10.00%,300000,3000000,0,0,0,0,0,0,0,1,0,1,300000,2015,6,16,,GreenBox,,Food and Beverage,Mixed Team
0,8,1,0,0,0,0,1,7.50%,300000,4000000,10.00%,300000,3000000,0,0,0,0,1,0,0,0,0,1,300000,2015,6,16,,Phonesoap,,Software/Tech,Male
1,20,0,0,0,0,1,0,20.00%,200000,1000000,,,,0,0,0,0,0,0,0,0,0,,,2015,6,16,,Victoria's Kitchen,,Food and Beverage,Mixed Team
0,5,0,0,0,0,0,1,5.00%,50000,1000000,,,,0,0,0,0,0,0,0,0,0,,,2015,6,16,,Tycoon Real Estate,,Software/Tech,Male
1,10,1,0,0,0,0,0,10.00%,150000,1500000,20.00%,150000,750000,0,0,1,1,0,0,0,0,0,2,75000,2015,6,17,,Fresh Patch,,Pet Products,Mixed Team
0,15,1,1,0,0,0,0,15.00%,110000,733333,10.00%,110000,1100000,0,0,0,0,0,1,0,0,0,1,110000,2015,6,17,,Drain Strain,,Lifestyle/Home,Male
1,20,0,0,0,0,0,0,20.00%,75000,375000,,,,0,0,0,0,0,0,0,0,0,,,2015,6,17,,Balm Chicky Balm Balm,,Fashion/Beauty,Female
0,10,0,1,0,0,0,0,10.00%,250000,2500000,,,,0,0,0,0,0,0,0,0,0,,,2015,6,17,,BedJet,,Lifestyle/Home,Male
0,15,1,0,0,0,1,0,15.00%,50000,333333,35.00%,50000,142857,0,0,0,0,0,0,1,0,0,1,50000,2015,6,18,,BeverageBoy,,Food and Beverage,Male
1,20,1,0,0,0,0,0,20.00%,75000,375000,25.00%,75000,300000,0,0,0,0,1,0,0,0,0,1,75000,2015,6,18,,FunBites,,Children/Education,Female
1,20,0,0,0,0,0,0,20.00%,125000,625000,,,,0,0,0,0,0,0,0,0,0,,,2015,6,18,,The Lip Bar,,Fashion/Beauty,Female
0,5,0,0,0,0,0,0,5.00%,750000,15000000,,,,0,0,0,0,0,0,0,0,0,,,2015,6,18,,Himalayan Dog Chew,,Pet Products,Male
1,20,1,0,0,0,0,0,20.00%,80000,400000,25.00%,80000,320000,0,0,1,0,0,0,0,0,0,1,80000,2015,6,19,,Boobypack,,Fashion/Beauty,Female
0,15,1,0,0,0,0,0,15.00%,60000,400000,25.00%,60000,240000,0,0,0,0,0,1,0,0,0,1,60000,2015,6,19,,Gold Rush Nugget Bucket,,Children/Education,Male
1,10,0,0,0,0,0,0,10.00%,300000,3000000,,,,0,0,0,0,0,0,0,0,0,,,2015,6,19,,Sseko Designs,,Fashion/Beauty,Mixed Team
1,5,0,0,0,0,0,0,5.00%,250000,5000000,,,,0,0,0,0,0,0,0,0,0,,,2015,6,19,,Lumi,,Fashion/Beauty,Female
1,10,1,0,0,0,0,0,10.00%,200000,2000000,15.00%,300000,2000000,0,0,0,1,0,0,0,0,0,1,300000,2015,6,20,,LuminAid,,Travel,Female
0,15,1,0,0,0,0,0,15.00%,40000,266667,15.00%,40000,266667,0,0,0,0,1,0,1,0,0,2,20000,2015,6,20,,Scholly,,Children/Education,Male
0,10,1,1,0,0,0,0,10.00%,750000,7500000,13.00%,750000,5769231,0,0,0,0,0,1,0,0,0,1,750000,2015,6,20,,Keen Home,,Lifestyle/Home,Male
1,15,0,0,0,0,0,0,15.00%,110000,733333,,,,0,0,0,0,0,0,0,0,0,,,2015,6,20,,Taaluma,,Fashion/Beauty,Mixed Team
0,10,1,0,0,0,1,0,10.00%,125000,1250000,25.00%,125000,500000,0,Y,0,1,0,0,0,0,0,1,125000,2015,6,21,,Coco Jack,,Food and Beverage,Male
0,15,0,0,0,1,0,0,15.00%,200000,1333333,,,,0,0,0,0,0,0,0,0,0,,,2015,6,21,,BedRyder,,Automotive,Male
1,20,1,0,0,0,0,0,20.00%,100000,500000,20.00%,100000,500000,0,0,1,0,0,0,0,1,0,2,50000,2015,6,21,,Frill,,Fashion/Beauty,Female
1,10,1,0,0,0,0,0,10.00%,75000,750000,20.00%,75000,375000,0,0,0,0,1,0,0,0,0,1,75000,2015,6,21,,Twin Z Pillow,,Children/Education,Mixed Team
0,20,1,0,0,0,1,0,20.00%,150000,750000,25.00%,150000,600000,0,0,0,1,0,0,0,0,0,1,150000,2015,6,22,,Echo Valley Meats,,Food and Beverage,Male
0,5,1,0,0,0,0,0,5.00%,650000,13000000,5.00%,650000,13000000,0,0,0,1,0,0,1,0,0,2,325000,2015,6,22,,Emazing Lights,,Media/Entertainment,Male
0,12,1,1,0,0,0,0,12.00%,75000,625000,25.00%,75000,300000,0,0,0,0,0,0,1,0,0,1,75000,2015,6,22,,acqua vault,,Lifestyle/Home,Male
1,5,0,0,0,0,0,0,5.00%,500000,10000000,,,,0,0,0,0,0,0,0,0,0,,,2015,6,22,,Naja,,Fashion/Beauty,Female
1,10,1,0,0,0,1,0,10.00%,60000,600000,25.00%,60000,240000,0,0,0,0,0,0,1,0,0,1,60000,2015,6,23,,Bee Sweet Lemonade,,Food and Beverage,Mixed Team
0,14,0,0,0,0,0,1,13.50%,2000000,14814815,,,,0,0,0,0,0,0,0,0,0,,,2015,6,23,,Brand Yourself,,Software/Tech,Male
1,20,0,0,0,0,0,0,20.00%,150000,750000,,,,0,0,0,0,0,0,0,0,0,,,2015,6,23,,iC Pooch,,Pet Products,Mixed Team
0,5,0,0,0,0,0,0,5.00%,250000,5000000,,,,0,0,0,0,0,0,0,0,0,,,2015,6,23,,The Home T,,Fashion/Beauty,Male
0,5,0,0,0,0,0,0,5.00%,100000,2000000,,,,0,0,0,0,0,0,0,0,0,,,2015,6,24,,Budsies,,Children/Education,Male
0,10,0,1,0,0,0,0,10.00%,400000,4000000,,,,0,0,0,0,0,0,0,0,0,,,2015,6,24,,bee thinking,,Lifestyle/Home,Male
1,20,1,0,0,0,0,0,20.00%,100000,500000,28.00%,100000,357143,0,0,0,0,1,0,0,0,0,1,100000,2015,6,24,,PullyPalz,,Children/Education,Female
0,15,0,0,0,0,0,0,15.00%,200000,1333333,,,,0,0,0,0,0,0,0,0,0,,,2015,6,24,,Forus,,Fitness/Sports/Outdoors,Male
1,20,1,0,0,0,0,0,20.00%,150000,750000,25.00%,150000,600000,0,0,1,0,0,0,0,0,0,1,150000,2015,6,25,,NeatCheeks,,Children/Education,Female
0,5,1,0,0,0,0,1,5.00%,500000,10000000,12.00%,500000,4166667,0,0,0,1,0,0,0,0,0,1,500000,2015,6,25,ID,Melni,connectors for electric power,Software/Tech,Male
1,10,0,0,0,0,0,1,10.00%,350000,3500000,,,,0,0,0,0,0,0,0,0,0,,,2015,6,25,,Beneath the Ink,,Software/Tech,Mixed Team
0,25,1,0,1,0,0,0,25.00%,600000,2400000,35.00%,600000,1714286,0,0,0,1,0,1,0,1,0,3,200000,2015,6,25,,PittMoss,,Green/CleanTech,Male
1,10,1,0,0,0,0,0,10.00%,725000,7250000,17.50%,725000,4142857,0,0,0,0,1,1,0,0,0,2,362500,2015,6,26,,ZinePak,,Media/Entertainment,Female
0,18,0,0,0,0,0,1,18.00%,120000,666667,,,,0,0,0,0,0,0,0,0,0,,,2015,6,26,,snagastool,,Software/Tech,Male
0,8,0,0,0,0,0,0,8.00%,200000,2500000,,,,0,0,0,0,0,0,0,0,0,,,2015,6,26,,Buck Mason,,Fashion/Beauty,Male
0,10,1,0,0,0,0,0,10.00%,100000,1000000,30.00%,200000,666667,0,0,0,1,0,0,1,0,0,2,100000,2015,6,26,,Noene,,Fashion/Beauty,Male
0,50,1,0,0,0,0,0,50.00%,5000000,10000000,50.00%,5000000,10000000,0,0,0,0,0,1,0,0,0,1,5000000,2015,6,27,,AirCar,,Travel,Male
1,20,0,0,0,0,1,0,20.00%,150000,750000,,,,0,0,0,0,0,0,0,0,0,,,2015,6,27,,Paleo Diet Foods,,Food and Beverage,Female
0,20,1,0,0,0,0,0,20.00%,75000,375000,33.00%,50000,151515,0,0,0,1,0,0,0,0,0,1,50000,2015,6,27,,World Record Striper Company,,Fitness/Sports/Outdoors,Male
0,4,0,0,0,0,0,0,3.50%,150000,4285714,,,,0,0,0,0,0,0,0,0,0,,,2015,6,27,,Frameri,,Fashion/Beauty,Male
1,20,1,1,0,0,0,0,20.00%,100000,500000,33.00%,100000,303030,0,0,1,0,0,0,0,0,0,1,100000,2015,6,28,,Zoom,,Lifestyle/Home,Female
0,15,0,1,0,0,0,0,15.00%,400000,2666667,,,,0,0,0,0,0,0,0,0,0,,,2015,6,28,,Sunscreen Mist,,Lifestyle/Home,Male
0,10,1,0,0,0,0,0,10.00%,3000000,30000000,25.00%,3000000,12000000,0,0,0,0,0,1,0,0,0,1,3000000,2015,6,28,,SynDaver Labs,,Health/Wellness,Male
1,10,1,0,0,0,0,0,10.00%,100000,1000000,10.00%,100000,1000000,0,0,0,1,0,0,0,0,0,1,100000,2015,6,28,,You Kick Ass,,Children/Education,Female
0,5,1,0,0,0,0,0,5.00%,100000,2000000,7.50%,225000,3000000,1,0,0,1,0,1,0,0,1,3,75000,2015,6,29,,Shark Wheel,,Fitness/Sports/Outdoors,Male
1,20,0,0,0,0,0,0,20.00%,100000,500000,,,,0,0,0,0,0,0,0,0,0,,,2015,6,29,FL,Gato Cafe,cat cafe,Pet Products,Female
0,10,1,0,1,0,0,0,10.00%,300000,3000000,20.00%,300000,1500000,0,0,0,1,0,0,0,0,0,1,300000,2015,6,29,,Sway Motorsports,,Green/CleanTech,Male
0,10,1,0,0,0,0,0,10.00%,500000,5000000,20.00%,500000,2500000,0,0,0,0,0,0,1,0,0,1,500000,2015,6,29,,Spikeball,,Fitness/Sports/Outdoors,Male
0,20,1,0,0,0,0,0,20.00%,200000,1000000,30.00%,200000,666667,0,0,1,0,0,0,0,0,1,2,100000,2016,7,1,,the beebo,,Children/Education,Male
0,4,0,0,0,0,0,0,3.50%,1000000,28571429,,,,0,0,0,0,0,0,0,0,0,,,2016,7,1,,Acton,,Fitness/Sports/Outdoors,Male
1,15,0,0,0,0,1,0,15.00%,100000,666667,,,,0,0,0,0,0,0,0,0,0,,,2016,7,1,,McClary Brothers Drinking Vinegars,,Food and Beverage,Female
0,13,1,0,0,0,0,1,12.50%,200000,1600000,25.00%,200000,800000,0,0,0,0,1,1,0,0,0,2,100000,2016,7,1,,SIGNALVAULT,,Software/Tech,Male
0,10,1,0,0,0,1,0,10.00%,50000,500000,20.00%,50000,250000,0,0,0,0,1,1,0,0,0,2,25000,2016,7,2,,O'Dang Hummus,,Food and Beverage,Male
0,10,0,0,0,0,0,1,10.00%,200000,2000000,,,,0,0,0,0,0,0,0,0,0,,,2016,7,2,,Splikity,,Software/Tech,Male
1,20,0,0,0,0,0,0,20.00%,300000,1500000,,,,0,0,0,0,0,0,0,0,0,,,2016,7,2,,Mikki Bey,,Fashion/Beauty,Female
1,10,1,0,0,0,1,0,10.00%,150000,1500000,25.00%,600000,2400000,0,0,1,1,0,0,0,0,0,2,300000,2016,7,2,,Loliware,,Food and Beverage,Female
0,10,1,0,0,0,0,0,10.00%,250000,2500000,20.00%,250000,1250000,0,0,0,1,0,0,0,0,1,2,125000,2016,7,3,,Foot Cardigan,,Fashion/Beauty,Male
0,20,0,0,0,0,0,1,20.00%,300000,1500000,,,,0,0,0,0,0,0,0,0,0,,,2016,7,3,,ValPark,,Software/Tech,Male
0,10,1,0,0,0,0,0,10.00%,150000,1500000,17.50%,150000,857143,1,0,0,0,0,0,1,0,1,2,75000,2016,7,3,,The Two Guys Bowtie Company,,Fashion/Beauty,Male
1,20,0,0,0,0,0,0,20.00%,80000,400000,,,,0,0,0,0,0,0,0,0,0,,,2016,7,3,,nerdwax,,Fashion/Beauty,Mixed Team
0,10,1,0,0,0,1,0,10.00%,200000,2000000,20.00%,250000,1250000,0,0,0,0,1,0,0,0,0,1,250000,2016,7,4,,Table 87,,Food and Beverage,Male
1,20,0,0,0,0,1,0,20.00%,100000,500000,,,,0,0,0,0,0,0,0,0,0,,,2016,7,4,,milk + brookies,,Food and Beverage,Mixed Team
0,10,1,1,0,0,0,0,10.00%,300000,3000000,25.00%,300000,1200000,0,0,0,1,0,0,0,0,0,1,300000,2016,7,4,,Dude Wipes,,Lifestyle/Home,Male
0,15,1,0,0,0,1,0,15.00%,100000,666667,15.00%,100000,666667,0,0,0,0,0,0,1,0,0,1,100000,2016,7,5,,Three Jerks Jerky,,Food and Beverage,Male
1,20,0,0,0,0,0,0,20.00%,200000,1000000,,,,0,0,0,0,0,0,0,0,0,,,2016,7,5,,The Skinny Mirror,,Fashion/Beauty,Female
1,25,0,0,0,0,0,0,25.00%,55000,220000,,,,0,0,0,0,0,0,0,0,0,,,2016,7,5,,Switch Witch,,Children/Education,Mixed Team
0,20,1,0,0,0,0,1,20.00%,500000,2500000,25.00%,1500000,6000000,0,0,0,1,1,1,1,1,0,5,300000,2016,7,5,,X Craft,,Software/Tech,Male
0,10,1,0,0,0,0,1,10.00%,200000,2000000,10.00%,200000,2000000,0,0,0,1,0,0,0,0,1,2,100000,2016,7,6,,Rent Like a Champ,,Software/Tech,Male
0,10,0,0,0,0,1,0,10.00%,300000,3000000,,,,0,0,0,0,0,0,0,0,0,,,2016,7,6,,Hotshot,,Food and Beverage,Male
0,8,1,1,0,0,0,0,8.00%,200000,2500000,5.00%,200000,4000000,0,0,0,0,1,0,0,0,0,1,200000,2016,7,6,,Windcatcher,,Lifestyle/Home,Male
1,15,1,0,0,0,0,0,15.00%,150000,1000000,20.00%,200000,1000000,0,0,0,0,1,0,0,0,0,1,200000,2016,7,6,,Stem Center USA,,Children/Education,Female
1,15,0,0,0,0,1,0,15.00%,300000,2000000,,,,0,0,0,0,0,0,0,0,0,,,2016,7,7,,Wink Frozen Desserts,,Food and Beverage,Mixed Team
1,10,1,1,0,0,0,0,10.00%,200000,2000000,40.00%,200000,500000,0,Y,1,0,0,0,0,0,0,1,200000,2016,7,7,,Savvy Naturals,,Lifestyle/Home,Mixed Team
0,10,0,1,0,0,0,0,10.00%,300000,3000000,,,,0,0,0,0,0,0,0,0,0,,,2016,7,7,,Clean Cube,,Lifestyle/Home,Male
1,15,1,0,0,0,0,0,15.00%,125000,833333,20.00%,125000,625000,0,0,0,0,1,0,0,1,0,2,62500,2016,7,7,,Simply Fit Board,,Fitness/Sports/Outdoors,Female
0,20,0,1,0,0,0,0,20.00%,100000,500000,,,,0,0,0,0,0,0,0,0,0,,,2016,7,8,,A Fresh Sheet,,Lifestyle/Home,Male
1,10,1,1,0,0,0,0,10.00%,150000,1500000,15.00%,150000,1000000,0,0,0,1,0,0,0,0,0,1,150000,2016,7,8,,unshrinkit,,Lifestyle/Home,Mixed Team
0,20,1,0,0,0,0,0,20.00%,85000,425000,35.00%,85000,242857,0,0,0,0,1,0,0,0,0,1,85000,2016,7,8,,Grip Clean,,Fitness/Sports/Outdoors,Male
0,10,1,0,0,0,0,1,10.00%,500000,5000000,20.00%,1000000,5000000,0,0,0,1,0,1,0,0,0,2,500000,2016,7,8,,Polar Pro,,Software/Tech,Male
0,10,0,0,0,0,0,0,10.00%,160000,1600000,,,,0,0,0,0,0,0,0,0,0,,,2016,7,9,,Advanced Sports Technology,,Fitness/Sports/Outdoors,Male
1,10,1,0,0,0,1,0,10.00%,200000,2000000,16.50%,200000,1212121,0,0,0,0,1,0,0,0,0,1,200000,2016,7,9,,Brazi Bites,,Food and Beverage,Mixed Team
0,15,1,0,0,0,0,0,15.00%,150000,1000000,20.00%,150000,750000,0,0,0,1,1,0,0,0,0,2,75000,2016,7,9,,Umano,,Fashion/Beauty,Male
1,20,1,1,0,0,0,0,20.00%,50000,250000,30.00%,50000,166667,0,0,0,0,0,0,1,0,0,1,50000,2016,7,9,,Sock Tabs,,Lifestyle/Home,Mixed Team
0,20,0,0,0,0,0,0,20.00%,120000,600000,,,,0,0,0,0,0,0,0,0,0,,,2016,7,10,,Leaux Racing Trikes,,Fitness/Sports/Outdoors,Male
1,10,1,0,0,0,0,0,10.00%,425000,4250000,25.00%,425000,1700000,0,0,0,0,0,1,0,0,0,1,425000,2016,7,10,,Glow Recipe,,Fashion/Beauty,Female
1,20,1,0,0,0,0,0,20.00%,250000,1250000,30.00%,250000,833333,0,0,0,0,1,1,0,1,0,3,83333,2016,7,10,,Sarah Oliver Handbags,,Fashion/Beauty,Female
0,5,1,1,0,0,0,0,5.00%,1400000,28000000,5.00%,1400000,28000000,1,0,0,1,1,0,0,0,0,2,700000,2016,7,10,,Trunkster,,Lifestyle/Home,Male
0,25,1,1,0,0,0,0,25.00%,225000,900000,50.00%,225000,450000,0,0,0,0,0,0,0,1,0,1,225000,2016,7,11,,geekmytree,,Lifestyle/Home,Male
0,25,0,0,0,0,0,0,25.00%,250000,1000000,,,,0,0,0,0,0,0,0,0,0,,,2016,7,11,,Beard Head,,Fashion/Beauty,Male
0,10,1,1,0,0,0,0,10.00%,300000,3000000,15.00%,300000,2000000,0,0,0,0,0,0,0,1,0,1,300000,2016,7,11,,Lovepop,,Lifestyle/Home,Male
1,10,1,0,0,0,0,0,10.00%,50000,500000,25.00%,50000,200000,0,0,1,0,0,0,0,0,0,1,50000,2016,7,11,,Piper Wei,,Fashion/Beauty,Female
1,40,1,0,0,0,1,0,40.00%,120000,300000,42.00%,120000,285714,0,0,0,0,0,0,1,0,0,1,120000,2016,7,12,,Abs Protein Pancakes,,Food and Beverage,Mixed Team
0,15,1,0,0,0,0,0,15.00%,150000,1000000,20.00%,150000,750000,0,0,0,1,0,0,0,1,0,2,75000,2016,7,12,,Extreme Sandbox,,Children/Education,Male
0,25,0,0,0,0,0,0,25.00%,50000,200000,,,,0,0,0,0,0,0,0,0,0,,,2016,7,12,,Total Tie Keep,,Fashion/Beauty,Male
0,7,0,1,0,0,0,0,7.00%,300000,4285714,,,,0,0,0,0,0,0,0,0,0,,,2016,7,12,,Fireavert,,Lifestyle/Home,Male
0,20,0,1,0,0,0,0,20.00%,100000,500000,,,,0,0,0,0,0,0,0,0,0,,,2016,7,13,,spretz,2-in-1 breath and hand freshener and odor remover,Lifestyle/Home,Male
0,5,1,0,0,0,1,0,5.00%,50000,1000000,10.00%,100000,1000000,0,0,0,0,0,1,0,0,0,1,100000,2016,7,13,,Hungry Harvest,,Food and Beverage,Male
1,20,1,0,0,0,0,0,20.00%,50000,250000,50.00%,60000,120000,0,0,1,0,0,0,0,0,0,1,60000,2016,7,13,,Controlled Chaos,,Fashion/Beauty,Female
1,5,0,0,0,0,1,0,5.00%,1000000,20000000,,,,0,0,0,0,0,0,0,0,0,,,2016,7,13,,EZPZ,,Food and Beverage,Female
0,5,1,0,0,0,0,1,5.00%,700000,14000000,7.00%,700000,10000000,0,0,0,1,0,0,0,0,0,1,700000,2016,7,14,,Fixed,,Software/Tech,Male
1,3,1,0,0,0,0,0,2.50%,250000,10000000,3.30%,250000,7500000,0,0,0,0,0,0,0,0,1,1,250000,2016,7,14,,Hatch Baby,,Children/Education,Mixed Team
1,10,0,0,0,0,0,0,10.00%,125000,1250000,,,,0,0,0,0,0,0,0,0,0,,,2016,7,14,,Village Scholarships,,Children/Education,Mixed Team
1,20,1,0,0,0,0,0,20.00%,100000,500000,45.00%,100000,222222,0,0,0,0,1,0,0,0,0,1,100000,2016,7,14,,Beard King,,Fashion/Beauty,Mixed Team
1,20,1,0,0,0,0,0,20.00%,250000,1250000,33.30%,250000,750000,0,0,0,0,0,0,1,0,0,1,250000,2016,7,15,,Shefit,,Fitness/Sports/Outdoors,Mixed Team
0,20,0,0,0,0,0,1,20.00%,200000,1000000,,,,0,0,0,0,0,0,0,0,0,,,2016,7,15,,Co.alition,,Software/Tech,Male
0,5,0,0,0,0,0,0,5.00%,50000,1000000,,,,0,0,0,0,0,0,0,0,0,,,2016,7,15,,icybreeze,,Travel,Male
0,10,1,0,0,0,0,0,10.00%,250000,2500000,20.00%,250000,1250000,0,0,0,1,0,0,0,0,0,1,250000,2016,7,15,,2400 Expert,,Children/Education,Male
1,20,1,0,0,0,0,0,20.00%,100000,500000,20.00%,100000,500000,0,0,0,1,0,0,0,0,0,1,100000,2016,7,16,,R. Riveter,,Fashion/Beauty,Female
0,5,0,0,0,0,0,0,5.00%,500000,10000000,,,,0,0,0,0,0,0,0,0,0,,,2016,7,16,,Beartek,,Media/Entertainment,Male
1,20,0,1,0,0,0,0,20.00%,150000,750000,,,,0,0,0,0,0,0,0,0,0,,,2016,7,16,,Major Mom,,Lifestyle/Home,Female
0,10,1,0,0,0,0,0,10.00%,150000,1500000,30.00%,300000,1000000,0,0,0,1,1,0,1,0,0,3,100000,2016,7,16,,Combat Flip Flops,,Fashion/Beauty,Male
0,15,0,0,0,0,0,0,15.00%,1000000,6666667,,,,0,0,0,0,0,0,0,0,0,,,2016,7,17,,SmartPlate,,Health/Wellness,Male
1,10,1,0,0,0,1,0,10.00%,100000,1000000,30.00%,210000,700000,0,0,1,1,0,0,0,0,1,3,70000,2016,7,17,,Bee Free Honee,,Food and Beverage,Female
1,20,0,0,0,0,0,0,20.00%,150000,750000,,,,0,0,0,0,0,0,0,0,0,,,2016,7,17,,Float Baby,,Children/Education,Female
0,10,0,0,0,0,0,0,10.00%,2500000,25000000,,,,0,0,0,0,0,0,0,0,0,,,2016,7,17,,MTAILOR,,Fashion/Beauty,Male
0,8,1,0,0,0,0,0,8.00%,1500000,18750000,10.00%,1500000,15000000,0,Y,0,1,0,0,0,0,0,1,1500000,2016,7,18,,Sworkit,,Fitness/Sports/Outdoors,Male
0,15,0,1,0,0,0,0,15.00%,1500000,10000000,,,,0,0,0,0,0,0,0,0,0,,,2016,7,18,,Clean Sleep,,Lifestyle/Home,Male
1,25,0,0,0,0,0,0,25.00%,200000,800000,,,,0,0,0,0,0,0,0,0,0,,,2016,7,18,,tutu blue,,Fashion/Beauty,Female
0,20,1,0,1,0,0,0,20.00%,100000,500000,25.00%,100000,400000,0,0,0,1,0,0,0,0,0,1,100000,2016,7,18,,Nohbo,,Green/CleanTech,Male
0,10,1,1,0,0,0,0,10.00%,300000,3000000,30.00%,300000,1000000,0,0,0,1,1,0,0,0,0,2,150000,2016,7,19,,Insta-Fire,,Lifestyle/Home,Male
1,10,0,0,0,0,1,0,10.00%,400000,4000000,,,,0,0,0,0,0,0,0,0,0,,,2016,7,19,,Custard Stand Hot Dog Chili,,Food and Beverage,Mixed Team
0,10,1,0,0,0,0,0,10.00%,80000,800000,20.00%,80000,400000,1,0,0,0,0,0,0,1,0,1,80000,2016,7,19,,PRx,,Fitness/Sports/Outdoors,Male
1,10,1,0,0,0,0,0,10.00%,200000,2000000,15.00%,200000,1333333,0,0,0,0,0,1,0,0,0,1,200000,2016,7,19,,Rags to Raches,,Fashion/Beauty,Female
1,8,1,0,0,0,0,0,7.50%,750000,10000000,7.50%,750000,10000000,0,Y,0,0,1,0,0,0,0,1,750000,2016,7,20,,BetterBack,,Health/Wellness,Female
1,15,1,0,0,0,0,0,15.00%,100000,666667,30.00%,100000,333333,0,0,1,0,0,0,0,0,0,1,100000,2016,7,20,,Glace Cryotherapy,,Health/Wellness,Mixed Team
0,10,0,0,0,0,0,0,10.00%,250000,2500000,,,,0,0,0,0,0,0,0,0,0,,,2016,7,20,,Linka,,Fitness/Sports/Outdoors,Male
1,10,0,0,0,0,1,0,10.00%,50000,500000,,,,0,0,0,0,0,0,0,0,0,,,2016,7,20,,Teaspresso,,Food and Beverage,Female
0,16,0,0,0,0,1,0,16.00%,400000,2500000,,,,0,0,0,0,0,0,0,0,0,,,2016,7,21,,Mob Craft,,Food and Beverage,Male
0,5,0,0,0,0,0,0,5.00%,175000,3500000,,,,0,0,0,0,0,0,0,0,0,,,2016,7,21,,Beloved,,Fashion/Beauty,Male
0,15,1,1,0,0,0,0,15.00%,100000,666667,25.00%,100000,400000,0,0,0,0,0,0,0,1,0,1,100000,2016,7,21,,IlumiBowl,,Lifestyle/Home,Male
1,5,1,0,0,0,0,0,5.00%,250000,5000000,12.50%,250000,2000000,1,0,0,0,0,0,0,1,0,1,250000,2016,7,21,,Innovation Pet,,Pet Products,Mixed Team
0,10,1,0,0,0,1,0,10.00%,100000,1000000,25.00%,100000,400000,0,0,0,1,0,0,0,0,0,1,100000,2016,7,22,,Beer Blizzard,,Food and Beverage,Male
0,13,1,0,0,0,1,0,12.50%,2000000,16000000,10.00%,2000000,20000000,0,Y,1,0,0,0,0,1,0,2,1000000,2016,7,22,,Vengo,,Food and Beverage,Male
1,20,0,0,0,0,1,0,20.00%,100000,500000,,,,0,0,0,0,0,0,0,0,0,,,2016,7,22,,The Good Promise,,Food and Beverage,Female
1,5,1,0,0,0,0,0,5.00%,500000,10000000,3.00%,500000,16666667,1,0,0,0,1,0,0,0,0,1,500000,2016,7,22,,Wondercide,,Pet Products,Female
0,10,1,0,0,0,0,0,10.00%,200000,2000000,20.00%,200000,1000000,0,0,0,0,1,1,0,0,0,2,100000,2016,7,23,,Pride Bites,,Pet Products,Male
0,10,1,0,0,0,0,0,10.00%,100000,1000000,33.30%,166666,499998,0,0,0,0,0,1,0,0,0,1,166666,2016,7,23,,Trobo,,Children/Education,Male
0,15,0,0,0,0,0,0,15.00%,25000,166667,,,,0,0,0,0,0,0,0,0,0,,,2016,7,23,NY,NoPhone,fake phones,Uncertain/Other,Male
0,10,1,1,0,0,0,0,10.00%,500000,5000000,15.00%,500000,3333333,0,Y,0,0,1,0,0,0,0,1,500000,2016,7,23,,Coolbox,,Lifestyle/Home,Male
0,10,1,0,0,0,0,0,10.00%,300000,3000000,20.00%,300000,1500000,0,0,0,0,1,0,0,1,0,2,150000,2016,7,24,,Petnostics,,Pet Products,Male
0,8,0,0,0,0,0,0,7.60%,1000000,13157895,,,,0,0,0,0,0,0,0,0,0,,,2016,7,24,,Frends,,Fashion/Beauty,Male
0,5,0,0,0,0,0,1,5.00%,500000,10000000,,,,0,0,0,0,0,0,0,0,0,,,2016,7,24,,Popslate,,Software/Tech,Male
1,15,1,0,0,0,0,0,15.00%,200000,1333333,22.00%,200000,909091,0,0,0,1,0,0,0,0,1,2,100000,2016,7,24,,Slyde Handboards,,Fitness/Sports/Outdoors,Mixed Team
0,20,1,0,0,0,1,0,20.00%,50000,250000,33.30%,50000,150150,0,0,1,0,0,0,0,0,0,1,50000,2016,7,25,CO,The Drip Drop,,Food and Beverage,Male
0,40,0,0,0,0,0,0,40.00%,750000,1875000,,,,0,0,0,0,0,0,0,0,0,,,2016,7,25,NV,Jarrett & Raja Productions,,Media/Entertainment,Male
0,20,0,0,0,0,0,0,20.00%,500000,2500000,,,,0,0,0,0,0,0,0,0,0,,,2016,7,25,,KidRunner,,Fitness/Sports/Outdoors,Male
1,10,0,0,0,0,0,0,10.00%,400000,4000000,,,,0,0,0,0,0,0,0,0,0,,,2016,7,25,TX,InchBug,,Children/Education,Female
1,10,0,0,0,0,0,0,10.00%,100000,1000000,,,,0,0,0,0,0,0,0,0,0,,,2016,7,26,CA,FashionTap,,Fashion/Beauty,Female
1,20,0,0,0,0,0,0,20.00%,400000,2000000,,,,0,0,0,0,0,0,0,0,0,,,2016,7,26,NY,brellabox,umbrella rentals,Uncertain/Other,Mixed Team
0,10,0,0,0,0,1,0,10.00%,200000,2000000,,,,0,0,0,0,0,0,0,0,0,,,2016,7,26,CA,My Fruity Faces,,Food and Beverage,Male
0,4,1,0,0,0,0,0,4.00%,400000,10000000,6.70%,600000,8995502,0,0,0,1,0,0,0,0,1,2,300000,2016,7,26,CA,brightwheel,,Children/Education,Male
1,20,1,0,0,0,1,0,20.00%,75000,375000,25.00%,75000,300000,0,0,1,0,0,0,0,0,0,1,75000,2016,7,27,NY,dollop gourmet,,Food and Beverage,Female
1,10,1,0,0,0,0,0,10.00%,200000,2000000,22.50%,200000,888889,0,0,1,0,0,0,0,0,0,1,200000,2016,7,27,HI,Creaproducts,,Fashion/Beauty,Female
1,20,0,0,0,0,0,0,20.00%,50000,250000,,,,0,0,0,0,0,0,0,0,0,,,2016,7,27,FL,Yourself Expression,,Fashion/Beauty,Mixed Team
0,16,1,0,0,0,0,0,16.00%,400000,2500000,16.00%,400000,2500000,0,0,1,1,0,0,0,0,0,2,200000,2016,7,27,CA,The Spooner,,Fitness/Sports/Outdoors,Male
0,8,0,0,0,0,0,0,7.50%,300000,4000000,,,,0,0,0,0,0,0,0,0,0,,,2016,7,28,NY,Camp No Counselors,,Fitness/Sports/Outdoors,Male
0,20,1,0,0,1,0,0,20.00%,50000,250000,33.30%,50000,150000,0,0,0,0,0,0,1,0,0,1,50000,2016,7,28,NY,EVP Extreme Vehicle Protection,,Automotive,Male
1,15,0,0,0,0,0,0,15.00%,100000,666667,,,,0,0,0,0,0,0,0,0,0,,,2016,7,28,,Gladiator Lacrosse,,Fitness/Sports/Outdoors,Female
0,10,1,0,0,0,0,0,10.00%,200000,2000000,25.00%,200000,800000,0,0,0,0,0,0,1,0,0,1,200000,2016,7,28,OH,VPCABS,,Media/Entertainment,Male
0,10,1,0,0,0,0,0,10.00%,100000,1000000,10.00%,100000,1000000,0,0,1,0,0,0,0,0,0,1,100000,2016,7,29,GA,Pete & Pedro,,Fashion/Beauty,Male
1,20,0,0,0,0,1,0,20.00%,50000,250000,,,,0,0,0,0,0,0,0,0,0,,,2016,7,29,MA,PMS Bites,,Food and Beverage,Female
0,6,1,1,0,0,0,0,6.00%,200000,3333333,10.00%,225000,2250000,0,0,0,0,0,0,0,1,0,1,225000,2016,7,29,CO,Felt,,Lifestyle/Home,Male
0,3,0,0,0,0,0,0,3.10%,500000,15923567,,,,0,0,0,0,0,0,0,0,0,,,2016,7,29,MA,Pavlok,uses operant conditioning through haptic feedback to modify behavior,Uncertain/Other,Male
0,4,1,0,0,0,1,0,4.00%,500000,12500000,16.70%,2000000,11997600,0,0,0,1,1,0,0,0,0,2,1000000,2017,8,1,NJ,Fizzics,,Food and Beverage,Male
1,10,0,0,0,0,1,0,10.00%,400000,4000000,,,,0,0,0,0,0,0,0,0,0,,,2017,8,1,UT,Spoonful of Comfort,,Food and Beverage,Mixed Team
0,5,0,0,0,0,0,0,5.00%,500000,10000000,,,,0,0,0,0,0,0,0,0,0,,,2017,8,1,MA,iSlide,,Fashion/Beauty,Male
1,20,1,0,0,0,0,1,20.00%,100000,500000,20.00%,100000,500000,0,0,0,1,1,0,0,0,0,2,50000,2017,8,1,IL,Rethink,,Software/Tech,Female
0,20,1,0,0,0,0,0,20.00%,150000,750000,30.00%,150000,500000,0,0,0,1,0,0,0,0,0,1,150000,2017,8,2,FL,The Lapel Project,,Fashion/Beauty,Male
1,10,1,1,0,0,0,0,10.00%,100000,1000000,15.00%,100000,666667,0,0,0,0,1,0,0,0,0,1,100000,2017,8,2,WA,Good Hangups,,Lifestyle/Home,Female
0,10,0,0,0,0,1,0,10.00%,1000000,10000000,,,,0,0,0,0,0,0,0,0,0,,,2017,8,2,CA,Ice Age Meals,,Food and Beverage,Male
0,10,1,0,0,0,0,0,10.00%,150000,1500000,10.00%,150000,1500000,0,0,0,0,0,1,0,0,0,1,150000,2017,8,2,LA,Tactibite,,Fitness/Sports/Outdoors,Male
1,20,1,0,0,0,0,0,20.00%,100000,500000,50.00%,100000,200000,0,0,1,0,0,0,0,0,0,1,100000,2017,8,3,FL,Raising Wild,,Fashion/Beauty,Female
0,20,0,0,0,0,1,0,20.00%,50000,250000,,,,0,0,0,0,0,0,0,0,0,,,2017,8,3,HI,The Cookie Kahuna,,Food and Beverage,Male
0,5,1,0,0,0,0,1,5.00%,500000,10000000,5.00%,500000,10000000,0,Y,0,0,0,0,0,1,0,1,500000,2017,8,3,CO,TekDry,,Software/Tech,Male
1,10,1,0,0,0,0,0,10.00%,250000,2500000,15.00%,200000,1333333,0,Y,0,0,0,1,0,0,0,1,200000,2017,8,3,FL,Night Runner 270,,Fitness/Sports/Outdoors,Mixed Team
1,10,1,0,0,0,0,0,10.00%,500000,5000000,20.00%,500000,2500000,0,0,0,0,0,1,0,0,0,1,500000,2017,8,4,NY,Solemates,,Fashion/Beauty,Female
0,10,0,0,0,0,1,0,10.00%,1000000,10000000,,,,0,0,0,0,0,0,0,0,0,,,2017,8,4,FL,Atlantic Candies,,Food and Beverage,Male
0,5,1,0,0,0,1,0,5.00%,500000,10000000,14.00%,500000,3571429,0,0,0,0,1,0,0,0,0,1,500000,2017,8,4,TX,biem,,Food and Beverage,Male
1,20,1,0,0,0,0,0,20.00%,55000,275000,33.30%,60000,180000,0,0,0,1,0,0,1,0,0,2,30000,2017,8,4,TN,Angels and Tomboys,,Fashion/Beauty,Female
1,10,0,0,0,0,0,0,10.00%,100000,1000000,,,,0,0,0,0,0,0,0,0,0,,,2017,8,5,OR,SandiLake Clothing,,Children/Education,Female
0,20,0,0,0,0,1,0,20.00%,200000,1000000,,,,0,0,0,0,0,0,0,0,0,,,2017,8,5,NY,Parker Maple Farm,,Food and Beverage,Male
1,12,1,1,0,0,0,0,12.00%,75000,625000,25.00%,75000,300000,0,0,0,0,1,0,0,0,0,1,75000,2017,8,5,TX,SafeGrabs,,Lifestyle/Home,Female
0,15,1,0,0,0,0,0,15.00%,100000,666667,30.00%,100000,333333,1,0,0,0,1,0,0,0,0,1,100000,2017,8,5,FL,SiliDogs,,Pet Products,Male
1,10,0,0,0,0,1,0,10.00%,150000,1500000,,,,0,0,0,0,0,0,0,0,0,,,2017,8,6,PA,Lulu Bang,,Food and Beverage,Female
0,40,0,0,0,0,0,0,40.00%,500000,1250000,,,,0,0,0,0,0,0,0,0,0,,,2017,8,6,NY,Unpack,,Travel,Male
0,10,1,0,0,0,0,0,10.00%,800000,8000000,33.30%,800000,2400000,0,0,0,0,0,0,0,1,0,1,800000,2017,8,6,NC,sunscreeenr,,Health/Wellness,Male
0,10,1,0,0,0,0,0,10.00%,50000,500000,10.00%,50000,500000,1,0,0,0,0,0,0,1,0,1,50000,2017,8,6,CA,Potato Parcel,,Media/Entertainment,Male
1,10,1,1,0,0,0,0,10.00%,400000,4000000,20.00%,400000,2000000,0,0,0,0,0,0,1,0,0,1,400000,2017,8,7,UT,EcoFlower,,Lifestyle/Home,Female
1,20,1,0,0,0,0,0,20.00%,500000,2500000,22.00%,500000,2272727,0,Y,0,1,0,0,0,0,0,1,500000,2017,8,7,PA,Style Club,,Fashion/Beauty,Female
0,3,0,0,0,0,1,0,3.00%,600000,20000000,,,,0,0,0,0,0,0,0,0,0,,,2017,8,7,CA,SafeCatch,,Food and Beverage,Male
0,10,0,0,0,0,0,1,10.00%,1000000,10000000,,,,0,0,0,0,0,0,0,0,0,,,2017,8,7,MA,#besomebody,,Software/Tech,Male
1,5,1,0,0,0,0,0,5.00%,125000,2500000,10.00%,150000,1500000,0,0,0,0,1,0,0,0,0,1,150000,2017,8,8,TX,Milk Snob,,Children/Education,Female
0,10,1,0,0,0,0,0,10.00%,50000,500000,,,,0,Y,0,0,0,0,0,0,1,1,,2017,8,8,CO,Jack's Stands & Marketplaces,,Children/Education,Male
0,15,1,0,0,0,1,0,15.00%,600000,4000000,20.00%,600000,3000000,0,0,1,0,0,0,0,0,0,1,600000,2017,8,8,TX,Chi'lantro,,Food and Beverage,Male
0,10,1,1,0,0,0,0,10.00%,500000,5000000,10.00%,500000,5000000,0,Y,1,0,0,0,0,1,0,2,250000,2017,8,8,TX,Toor,,Lifestyle/Home,Male
1,10,1,0,0,0,0,0,10.00%,250000,2500000,15.00%,250000,1666667,0,0,0,0,0,1,0,0,0,1,250000,2017,8,9,CA,PupBox,,Pet Products,Mixed Team
0,5,0,0,0,0,0,0,5.00%,500000,10000000,,,,0,0,0,0,0,0,0,0,0,,,2017,8,9,NV,Barbell Apparel,,Fashion/Beauty,Male
1,5,0,0,0,0,1,0,5.00%,500000,10000000,,,,0,0,0,0,0,0,0,0,0,,,2017,8,9,MA,energybits,,Food and Beverage,Female
0,20,1,0,0,0,0,0,20.00%,120000,600000,33.00%,120000,363636,0,0,0,0,0,0,1,0,0,1,120000,2017,8,9,WI,Line Cutterz,,Fitness/Sports/Outdoors,Male
0,4,1,0,0,0,0,0,4.00%,750000,18750000,4.00%,750000,18750000,0,Y,0,0,1,0,0,1,0,2,375000,2017,8,10,CA,Inboard,,Fitness/Sports/Outdoors,Male
0,10,0,0,0,0,0,0,10.00%,100000,1000000,,,,0,0,0,0,0,0,0,0,0,,,2017,8,10,NY,petplate,,Pet Products,Male
0,5,0,0,0,0,1,0,5.00%,2000000,40000000,,,,0,0,0,0,0,0,0,0,0,,,2017,8,10,CA,Nootrobox,,Food and Beverage,Male
1,5,1,0,0,0,1,0,5.00%,250000,5000000,10.00%,250000,2500000,0,0,0,0,0,0,0,0,1,1,250000,2017,8,10,CA,nomiku,,Food and Beverage,Mixed Team
1,20,1,0,0,0,0,0,20.00%,150000,750000,20.00%,150000,750000,0,Y,0,0,1,0,0,0,0,1,150000,2017,8,11,FL,Sealed by Santa,,Children/Education,Female
0,20,0,0,0,0,0,0,20.00%,150000,750000,,,,0,0,0,0,0,0,0,0,0,,,2017,8,11,AZ,Polyglide,,Fitness/Sports/Outdoors,Male
0,10,1,1,0,0,0,0,10.00%,150000,1500000,20.00%,150000,750000,1,0,0,0,0,0,0,1,0,1,150000,2017,8,11,IL,Digiwrap,,Lifestyle/Home,Male
0,20,1,0,0,0,0,0,20.00%,150000,750000,25.00%,300000,1200000,0,0,1,0,0,0,0,0,0,1,300000,2017,8,11,UT,Hand Out Gloves,,Fitness/Sports/Outdoors,Male
1,15,0,0,0,0,0,0,15.00%,300000,2000000,,,,0,0,0,0,0,0,0,0,0,,,2017,8,12,OR,PDX Pet Design,,Pet Products,Mixed Team
1,10,0,0,0,0,0,0,10.00%,125000,1250000,,,,0,0,0,0,0,0,0,0,0,,,2017,8,12,NY,Basic Outfitters,,Fashion/Beauty,Mixed Team
0,20,0,0,0,0,1,0,20.00%,250000,1250000,,,,0,0,0,0,0,0,0,0,0,,,2017,8,12,NC,Victory Coffees,,Food and Beverage,Male
1,20,1,0,0,0,0,0,20.00%,200000,1000000,30.00%,200000,666667,0,0,0,0,0,0,1,0,0,1,200000,2017,8,12,FL,Naturally Perfect Dolls,,Children/Education,Mixed Team
1,25,1,1,0,0,0,0,25.00%,75000,300000,50.00%,75000,150000,0,0,1,0,0,0,0,0,0,1,75000,2017,8,13,TX,Grease Bags,,Lifestyle/Home,Female
0,20,1,0,0,0,0,0,20.00%,100000,500000,50.00%,100000,200000,0,0,0,0,0,0,0,1,0,1,100000,2017,8,13,NY,Pinblock,,Children/Education,Male
1,20,0,0,0,0,0,0,20.00%,200000,1000000,,,,0,0,0,0,0,0,0,0,0,,,2017,8,13,PA,Mama's Milk Box,,Fashion/Beauty,Female
1,10,0,0,0,0,0,0,10.00%,100000,1000000,,,,0,0,0,0,0,0,0,0,0,,,2017,8,13,NY,nicepipes,,Fashion/Beauty,Female
1,7,1,0,0,0,1,0,7.00%,100000,1428571,15.00%,100000,666667,0,0,0,1,0,0,0,0,0,1,100000,2017,8,14,CA,Chirps,,Food and Beverage,Female
0,20,0,0,0,0,0,0,20.00%,100000,500000,,,,0,0,0,0,0,0,0,0,0,,,2017,8,14,MN,Vibes,,Media/Entertainment,Male
1,6,1,0,0,0,0,0,6.00%,250000,4166667,8.30%,250000,3000000,0,0,0,0,0,0,0,0,1,1,250000,2017,8,14,TX,PopUp Play,,Children/Education,Mixed Team
0,5,0,0,0,0,0,0,5.00%,500000,10000000,,,,0,0,0,0,0,0,0,0,0,,,2017,8,14,MA,Getaway,,Fitness/Sports/Outdoors,Male
0,15,1,0,0,0,0,0,15.00%,50000,333333,33.30%,50000,150000,0,0,0,0,0,0,1,0,0,1,50000,2017,8,15,NV,Kooler,,Fitness/Sports/Outdoors,Male
1,15,0,1,0,0,0,0,15.00%,80000,533333,,,,0,0,0,0,0,0,0,0,0,,,2017,8,15,CT,Little Nomad,,Lifestyle/Home,Female
0,5,1,0,0,0,0,0,5.00%,250000,5000000,7.50%,250000,3333333,0,0,0,0,0,0,1,0,0,1,250000,2017,8,15,CA,RinseKit,,Fitness/Sports/Outdoors,Male
0,5,1,1,0,0,0,0,5.00%,350000,7000000,20.00%,350000,1750000,0,Y,0,1,1,0,0,0,0,2,175000,2017,8,15,CA,Dbest products,,Lifestyle/Home,Male
1,10,1,0,0,0,0,0,10.00%,100000,1000000,15.00%,200000,1333333,0,0,0,0,0,1,0,0,0,1,200000,2017,8,16,MA,Tranquilo,,Children/Education,Female
1,15,1,0,0,0,0,0,15.00%,75000,500000,25.00%,75000,300000,0,0,0,0,0,1,0,0,0,1,75000,2017,8,16,OH,Doc Spartan,,Health/Wellness,Mixed Team
0,20,0,0,0,0,1,0,20.00%,75000,375000,,,,0,0,0,0,0,0,0,0,0,,,2017,8,16,OH,Peaceful Fruits,,Food and Beverage,Male
1,33,1,0,0,0,0,0,33.00%,250000,757576,50.00%,250000,500000,0,0,0,0,1,0,0,0,0,1,250000,2017,8,16,CA,Firefighter Turnout Bags,,Fashion/Beauty,Mixed Team
1,3,1,0,0,0,0,0,2.50%,250000,10000000,5.00%,600000,12000000,0,0,0,0,1,0,0,0,1,2,300000,2017,8,17,NY,Toymail,,Children/Education,Female
0,10,0,0,1,0,0,0,10.00%,150000,1500000,,,,0,0,0,0,0,0,0,0,0,,,2017,8,17,CO,EDN WallGarden,,Green/CleanTech,Male
0,10,0,0,0,0,0,0,10.00%,750000,7500000,,,,0,0,0,0,0,0,0,0,0,,,2017,8,17,NY,Hotels By Day,,Travel,Male
0,3,0,0,0,0,0,0,3.00%,250000,8333333,,,,0,0,0,0,0,0,0,0,0,,,2017,8,17,CO,Bitsbox,,Children/Education,Male
0,8,1,0,0,0,0,0,8.00%,200000,2500000,15.00%,200000,1333333,0,0,0,0,0,1,0,0,0,1,200000,2017,8,18,CA,Sand Cloud,,Fitness/Sports/Outdoors,Male
0,5,0,0,0,0,0,0,5.00%,375000,7500000,,,,0,0,0,0,0,0,0,0,0,,,2017,8,18,CA,Ora Organics,,Health/Wellness,Male
1,10,1,0,0,0,0,1,10.00%,300000,3000000,10.00%,300000,3000000,0,0,0,1,0,0,0,0,0,1,300000,2017,8,18,MA,Dart Drones,,Software/Tech,Female
0,10,1,0,0,0,0,0,10.00%,500000,5000000,17.50%,500000,2857143,0,0,0,0,0,0,1,0,0,1,500000,2017,8,18,NY,elephant pants,,Fashion/Beauty,Male
1,20,1,0,0,0,0,0,20.00%,75000,375000,25.00%,75000,300000,0,0,0,0,1,0,0,0,0,1,75000,2017,8,19,CA,The Sleep Styler,,Fashion/Beauty,Female
0,10,1,0,0,0,1,0,10.00%,250000,2500000,10.00%,250000,2500000,0,Y,0,0,1,0,0,0,0,1,250000,2017,8,19,CA,Blentique Wine Company,,Food and Beverage,Male
0,8,0,0,0,0,1,0,8.00%,350000,4375000,,,,0,0,0,0,0,0,0,0,0,,,2017,8,19,CA,MealEnders,,Food and Beverage,Male
0,10,1,0,0,0,0,0,10.00%,300000,3000000,10.00%,300000,3000000,0,Y,0,0,0,0,0,1,0,1,300000,2017,8,19,CA,Rareform,,Fashion/Beauty,Male
0,10,1,0,0,0,0,0,10.00%,100000,1000000,20.00%,100000,500000,0,0,0,0,0,0,0,1,0,1,100000,2017,8,20,CO,Apollo Peak,,Pet Products,Male
0,10,1,1,0,0,0,0,10.00%,500000,5000000,20.00%,500000,2500000,0,0,0,0,0,1,0,0,0,1,500000,2017,8,20,VT,seedsheet,,Lifestyle/Home,Male
1,13,0,1,0,0,0,0,12.50%,75000,600000,,,,0,0,0,0,0,0,0,0,0,,,2017,8,20,HI,cropsticks,,Lifestyle/Home,Female
0,10,1,0,0,0,0,0,10.00%,600000,6000000,15.00%,600000,4000000,0,0,0,1,0,0,0,0,0,1,600000,2017,8,20,OH,Under The Weather,,Fitness/Sports/Outdoors,Male
0,5,1,0,0,0,0,1,5.00%,100000,2000000,18.00%,100000,555556,1,0,1,0,0,0,0,0,0,1,100000,2017,8,21,IL,Guard Llama,,Software/Tech,Male
1,5,0,1,0,0,0,0,5.00%,375000,7500000,,,,0,0,0,0,0,0,0,0,0,,,2017,8,21,CA,Flag,,Lifestyle/Home,Mixed Team
0,8,0,0,0,0,0,1,8.00%,250000,3125000,,,,0,0,0,0,0,0,0,0,0,,,2017,8,21,OR,Validated,,Software/Tech,Male
0,10,1,0,0,0,0,0,10.00%,500000,5000000,15.00%,500000,3333333,0,0,0,1,0,0,0,0,0,1,500000,2017,8,21,CA,Guardian Bikes,,Fitness/Sports/Outdoors,Male
1,13,1,1,0,0,0,0,13.00%,200000,1538462,33.30%,200000,600601,0,0,0,1,1,1,0,0,0,3,66667,2017,8,22,CA,Goverre,,Lifestyle/Home,Female
0,20,0,0,0,0,0,0,20.00%,200000,1000000,,,,0,0,0,0,0,0,0,0,0,,,2017,8,22,HI,See Rescue Streamer,,Fitness/Sports/Outdoors,Male
1,20,1,0,0,0,0,0,20.00%,250000,1250000,33.30%,250000,750075,0,0,0,0,0,0,1,0,0,1,250000,2017,8,22,TX,BootyQueen Apparel,,Fashion/Beauty,Mixed Team
0,5,1,0,0,0,0,0,5.00%,150000,3000000,10.00%,150000,1500000,1,0,0,0,0,1,0,0,0,1,150000,2017,8,22,OH,LocTote,,Fashion/Beauty,Male
0,7,1,0,0,0,0,0,7.00%,700000,10000000,25.00%,700000,2800000,0,0,0,0,0,1,0,0,0,1,700000,2017,8,23,CA,Thompson Tee,,Fashion/Beauty,Male
0,10,0,0,0,0,0,0,10.00%,500000,5000000,,,,0,0,0,0,0,0,0,0,0,,,2017,8,23,CA,Wallet Buckle,,Fashion/Beauty,Male
1,5,1,0,0,0,1,0,5.00%,250000,5000000,15.00%,250000,1666667,0,0,0,1,0,0,0,0,0,1,250000,2017,8,23,IL,Rumi Spice,,Food and Beverage,Mixed Team
0,25,1,1,0,0,0,0,25.00%,75000,300000,33.30%,75000,225002,0,0,0,0,1,0,0,0,0,1,75000,2017,8,23,CO,Peoples Design,,Lifestyle/Home,Male
1,10,1,0,0,0,0,0,10.00%,500000,5000000,10.00%,500000,5000000,0,Y,0,0,0,0,0,1,0,1,500000,2017,8,24,NC,Wine & Design,,Media/Entertainment,Mixed Team
0,10,0,0,0,0,0,1,10.00%,400000,4000000,,,,0,0,0,0,0,0,0,0,0,,,2017,8,24,MA,Rocket Book,,Software/Tech,Male
0,30,0,0,0,0,0,0,30.00%,30000,100000,,,,0,0,0,0,0,0,0,0,0,,,2017,8,24,FL,Laid Brand,,Fashion/Beauty,Male
1,10,1,0,0,0,0,0,10.00%,75000,750000,30.00%,75000,250000,0,0,0,0,1,0,0,1,0,2,37500,2017,8,24,PA,Bridal Buddy,,Fashion/Beauty,Female
1,15,1,0,0,0,0,0,15.00%,60000,400000,20.00%,65000,325000,0,0,0,0,0,0,0,0,1,1,65000,2018,9,1,CA,Locker Board,,Fitness/Sports/Outdoors,Mixed Team
0,20,0,0,0,0,0,0,20.00%,500000,2500000,,,,0,0,0,0,0,0,0,0,0,,,2018,9,1,AL,Wyp Aviation,,Fitness/Sports/Outdoors,Male
1,15,1,0,0,0,0,0,15.00%,175000,1166667,15.00%,175000,1166667,0,0,0,0,0,0,0,0,1,1,175000,2018,9,1,MS,Sierra Madre Research,,Fitness/Sports/Outdoors,Mixed Team
1,5,0,0,0,0,0,0,5.00%,600000,12000000,,,,0,0,0,0,0,0,0,0,0,,,2018,9,1,CA,Simple Habit,,Health/Wellness,Female
0,5,1,1,0,0,0,0,5.00%,100000,2000000,10.00%,200000,2000000,0,0,0,0,0,1,0,0,0,1,200000,2018,9,2,CA,Seventy2,,Lifestyle/Home,Male
1,5,1,0,0,0,1,0,5.00%,1250000,25000000,15.00%,1250000,8333333,0,0,0,0,0,0,0,0,1,1,1250000,2018,9,2,CO,Jackson's Honest,,Food and Beverage,Mixed Team
0,15,1,0,0,0,0,0,15.00%,200000,1333333,30.00%,300000,1000000,0,0,0,1,1,0,0,0,1,3,100000,2018,9,2,NC,QBall,,Media/Entertainment,Male
0,10,0,0,0,0,0,0,10.00%,100000,1000000,,,,0,0,0,0,0,0,0,0,0,,,2018,9,2,CA,trippie,,Travel,Male
0,10,1,1,0,0,0,0,10.00%,50000,500000,20.00%,50000,250000,0,0,1,0,0,0,0,0,0,1,50000,2018,9,3,AZ,Firdgetland,,Lifestyle/Home,Male
0,8,1,0,0,0,0,0,7.50%,500000,6666667,15.00%,500000,3333333,0,0,0,0,0,1,0,0,0,1,500000,2018,9,3,UT,Enso Rings,,Fashion/Beauty,Male
0,10,1,0,0,0,1,0,10.00%,100000,1000000,25.00%,100000,400000,0,0,1,0,0,0,0,0,0,1,100000,2018,9,3,OH,Third Wave Water,,Food and Beverage,Male
1,30,1,0,0,0,0,0,30.00%,75000,250000,45.00%,75000,166667,0,0,0,0,1,0,0,0,0,1,75000,2018,9,3,WA,Tanglepets,,Children/Education,Female
1,12,1,0,0,0,1,0,12.00%,600000,5000000,12.00%,600000,5000000,0,0,0,1,0,0,0,0,0,1,600000,2018,9,4,NV,Delighted By Hummus,,Food and Beverage,Female
0,10,0,0,0,0,0,0,10.00%,75000,750000,,,,0,0,0,0,0,0,0,0,0,,,2018,9,4,MI,Solemender,,Health/Wellness,Male
0,15,1,0,0,0,0,0,15.00%,100000,666667,15.00%,150000,1000000,0,0,0,1,0,0,0,0,1,2,75000,2018,9,4,TX,IceShaker,,Fitness/Sports/Outdoors,Male
0,10,1,0,0,0,0,0,10.00%,200000,2000000,10.00%,200000,2000000,0,0,0,0,0,0,0,1,0,1,200000,2018,9,4,CA,benjilock,,Fitness/Sports/Outdoors,Male
0,13,1,0,0,0,0,0,12.50%,100000,800000,25.00%,150000,600000,0,0,0,1,0,0,0,0,0,1,150000,2018,9,5,MI,Ash & Anvil,,Fashion/Beauty,Male
0,10,1,0,0,0,0,0,10.00%,350000,3500000,20.00%,700000,3500000,0,0,0,0,0,1,0,0,0,1,700000,2018,9,5,CA,Mirmir,,Media/Entertainment,Male
0,20,0,1,0,0,0,0,20.00%,80000,400000,,,,0,0,0,0,0,0,0,0,0,,,2018,9,5,MA,Kwik-hang,,Lifestyle/Home,Male
0,15,1,0,0,0,0,0,15.00%,120000,800000,33.30%,120000,360000,0,0,0,0,0,1,0,0,0,1,120000,2018,9,5,FL,H3o Sports,,Fitness/Sports/Outdoors,Male
1,10,1,0,0,0,0,0,10.00%,500000,5000000,15.00%,500000,3333333,0,0,0,0,1,0,0,0,0,1,500000,2018,9,6,WA,Novel Effect,storybook app with voice effects,Children/Education,Mixed Team
0,15,0,0,0,0,0,0,15.00%,80000,533333,,,,0,0,0,0,0,0,0,0,0,,,2018,9,6,NY,Father Figure,paternity clothing for dads,Children/Education,Male
1,5,1,1,0,0,0,0,5.00%,300000,6000000,15.00%,300000,2000000,0,0,0,0,0,0,0,1,0,1,300000,2018,9,6,UT,DrainWig,hair catcher for shower drains,Lifestyle/Home,Mixed Team
0,10,1,0,0,0,0,0,10.00%,225000,2250000,20.00%,250000,1250000,0,0,0,0,1,0,0,0,1,2,125000,2018,9,6,CA,Brazyn Life,collapsible foam roller,Fitness/Sports/Outdoors,Male
0,5,0,0,0,0,0,0,5.00%,500000,10000000,,,,0,0,0,0,0,0,0,0,0,,,2018,9,7,MA,GeoOrbital,converts regular bikes into electric bikes,Fitness/Sports/Outdoors,Male
0,10,0,0,0,0,0,0,10.00%,350000,3500000,,,,0,0,0,0,0,0,0,0,0,,,2018,9,7,MA,Qeepsake,text message service that tracks baby milestones,Children/Education,Male
0,2,1,0,0,1,0,0,2.00%,500000,25000000,2.00%,500000,25000000,0,Y,0,0,0,0,0,1,0,1,500000,2018,9,7,CA,WaiveCar,"an all-electric, free car-sharing service",Automotive,Male
1,6,1,0,0,0,0,0,6.00%,500000,8333333,15.00%,500000,3333333,0,0,0,1,0,0,0,0,0,1,500000,2018,9,7,IL,Pearachute,kid-activity subscription service,Children/Education,Female
1,25,1,0,0,0,0,0,25.00%,100000,400000,25.00%,100000,400000,1,0,0,0,1,0,0,0,1,2,50000,2018,9,8,CA,No Mo-Stach,portable mustache removal kit,Fashion/Beauty,Female
1,10,1,0,0,0,0,0,10.00%,85000,850000,20.00%,120000,600000,0,0,0,0,1,0,0,0,0,1,120000,2018,9,8,OR,Snoofybee,baby changing pad,Children/Education,Mixed Team
0,10,0,1,0,0,0,0,10.00%,800000,8000000,,,,0,0,0,0,0,0,0,0,0,,,2018,9,8,CO,DreamPad,sound-emitting pillows for better sleep,Lifestyle/Home,Male
1,25,1,0,0,0,1,0,25.00%,150000,600000,50.00%,150000,300000,0,0,0,0,0,0,0,1,1,2,75000,2018,9,8,PA,Snarky Tea,tea blends for specific moods,Food and Beverage,Female
0,5,1,0,0,0,0,0,5.00%,500000,10000000,5.00%,500000,10000000,1,0,0,0,1,0,0,0,0,1,500000,2018,9,9,IL,BrilliantPad,self-cleaning puppy pad and dog potty,Pet Products,Male
1,5,1,0,0,0,0,1,5.00%,150000,3000000,14.00%,150000,1071429,0,0,0,1,1,0,0,0,0,2,75000,2018,9,9,AZ,Bravo,tipping app,Software/Tech,Mixed Team
0,5,0,0,0,0,0,0,5.00%,100000,2000000,,,,0,0,0,0,0,0,0,0,0,,,2018,9,9,CA,HoopMaps,finds the nearest basketball games,Fitness/Sports/Outdoors,Male
1,10,1,0,0,0,0,0,10.00%,150000,1500000,15.00%,150000,1000000,0,0,0,0,1,0,0,0,1,2,75000,2018,9,9,VA,Glovestix,athletic gear deodorizer,Fitness/Sports/Outdoors,Female
0,10,1,0,0,1,0,0,10.00%,200000,2000000,30.00%,360000,1200000,0,0,0,1,1,0,0,0,1,3,120000,2018,9,10,OH,Grypmat,tray that will keep your tools in place,Automotive,Male
0,13,1,0,0,0,0,0,12.50%,100000,800000,15.00%,200000,1333333,0,0,0,1,0,0,0,0,0,1,200000,2018,9,10,NY,DNA Simple,saliva donor service for science research,Health/Wellness,Male
0,5,0,0,0,0,0,0,5.00%,500000,10000000,,,,0,0,0,0,0,0,0,0,0,,,2018,9,10,TX,Robin,robotic lawnmower service,Fitness/Sports/Outdoors,Male
1,5,1,0,0,0,0,1,5.00%,200000,4000000,5.00%,200000,4000000,0,0,0,0,0,0,1,0,0,1,200000,2018,9,10,MD,SmartGurlz,coding dolls for girls,Software/Tech,Female
0,25,1,0,0,0,1,0,25.00%,75000,300000,25.00%,75000,300000,0,0,0,1,0,0,0,0,0,1,75000,2018,9,11,FL,Reely Hooked Fish Co.,healthy smoked fish dip,Food and Beverage,Male
0,10,1,0,0,0,0,0,10.00%,300000,3000000,20.00%,300000,1500000,0,0,0,0,0,0,1,0,0,1,300000,2018,9,11,FL,The Cut Buddy,multi-curve hair trimming guide tool,Fashion/Beauty,Male
1,5,0,0,0,0,0,0,5.00%,175000,3500000,,,,0,0,0,0,0,0,0,0,0,,,2018,9,11,Canada,Slumberkins,stuffed animals for sensory stimulation,Children/Education,Female
0,5,1,1,0,0,0,0,5.00%,100000,2000000,25.00%,100000,400000,0,0,0,1,0,0,0,0,0,1,100000,2018,9,11,CA,ProntoBev,instant wine chiller,Lifestyle/Home,Male
0,5,1,0,0,0,0,1,5.00%,200000,4000000,10.00%,200000,2000000,0,0,0,1,0,0,0,0,0,1,200000,2018,9,12,NY,Hater,dating app,Software/Tech,Male
0,10,0,1,0,0,0,0,10.00%,150000,1500000,,,,0,0,0,0,0,0,0,0,0,,,2018,9,12,CA,Coco Taps,coconut drill tools for drinking straight out of the fruit,Lifestyle/Home,Male
1,5,1,0,0,0,0,0,5.00%,1000000,20000000,5.00%,1000000,20000000,0,Y,0,0,1,0,0,0,0,1,1000000,2018,9,12,TX,EverlyWell,at-home lab testing,Health/Wellness,Female
1,10,1,0,0,0,1,0,10.00%,300000,3000000,10.00%,300000,3000000,0,Y,0,1,0,0,0,0,0,1,300000,2018,9,12,CA,Mush,ready to eat oatmeal,Food and Beverage,Female
0,20,1,0,0,0,0,0,20.00%,50000,250000,20.00%,50000,250000,0,0,1,0,0,0,0,0,0,1,50000,2018,9,13,AZ,The Original Comfy,sweater blanket,Fashion/Beauty,Male
0,20,0,1,0,0,0,0,20.00%,100000,500000,,,,0,0,0,0,0,0,0,0,0,,,2018,9,13,NY,Christmas Tree Hugger,bark-looking trunk cover for fake trees,Lifestyle/Home,Male
0,15,1,0,0,0,0,0,15.00%,300000,2000000,100.00%,500000,500000,0,0,0,0,0,1,0,0,0,1,500000,2018,9,13,CA,RokBlok,portable record player,Media/Entertainment,Male
0,10,1,1,0,0,0,0,10.00%,100000,1000000,18.00%,100000,555556,1,0,1,0,0,0,0,0,0,1,100000,2018,9,13,CO,Modern Christmas Trees,artificial tree that is collapsible,Lifestyle/Home,Male
0,10,1,1,0,0,0,0,10.00%,100000,1000000,10.00%,100000,1000000,0,Y,0,0,1,0,0,1,0,2,50000,2018,9,14,NY,Frywall,spltter protection for frying pans,Lifestyle/Home,Male
0,40,0,0,0,0,0,0,40.00%,500000,1250000,,,,0,0,0,0,0,0,0,0,0,,,2018,9,14,FL,Elliptical Stroller,eliptical stroller,Fitness/Sports/Outdoors,Male
1,8,0,1,0,0,0,0,8.00%,800000,10000000,,,,0,0,0,0,0,0,0,0,0,,,2018,9,14,CA,Inirv,smart stove sensors,Lifestyle/Home,Mixed Team
0,2,0,0,0,0,0,0,1.50%,250000,16666667,,,,0,0,0,0,0,0,0,0,0,,,2018,9,14,NY,birddogs,gym shorts,Fashion/Beauty,Male
0,5,1,1,0,0,0,0,5.00%,100000,2000000,20.00%,100000,500000,0,0,1,0,0,0,0,0,0,1,100000,2018,9,15,NY,iFork,picnic product line,Lifestyle/Home,Male
1,5,1,0,1,0,0,0,5.00%,400000,8000000,15.00%,400000,2666667,0,Y,0,1,0,0,0,0,0,1,400000,2018,9,15,CA,Stasher,eco-friendly ziplock bags,Green/CleanTech,Female
0,15,0,0,0,0,0,0,15.00%,75000,500000,,,,0,0,0,0,0,0,0,0,0,,,2018,9,15,DC,Recharj,nap studios,Business Services,Male
0,20,1,1,0,0,0,0,20.00%,200000,1000000,25.00%,200000,800000,0,0,0,1,1,0,0,0,0,2,100000,2018,9,15,PA,Detrapel,liquid repellant spray,Lifestyle/Home,Male
1,15,1,0,0,0,1,0,15.00%,150000,1000000,25.00%,150000,600000,0,0,0,0,0,0,1,0,0,1,150000,2018,9,16,GA,Joe's Gourmet Fish Fry,fish fry batter,Food and Beverage,Mixed Team
1,9,1,0,0,0,0,0,9.00%,499000,5544444,33.30%,499000,1497000,0,0,0,0,0,1,0,0,0,1,499000,2018,9,16,MI,Goat Pet Products,gadget for pet collar,Pet Products,Female
0,18,0,0,0,0,0,0,18.00%,150000,833333,,,,0,0,0,0,0,0,0,0,0,,,2018,9,16,NY,Dude Robe,robes for men,Fashion/Beauty,Male
0,10,1,0,0,0,0,0,10.00%,95000,950000,20.00%,100000,500000,0,0,0,1,0,0,0,0,0,1,100000,2018,9,16,CA,The Long Hairs,hair products for long-haired men,Fashion/Beauty,Male
1,6,1,0,0,0,0,0,6.30%,250000,4000000,10.00%,250000,2500000,0,0,0,1,0,0,0,0,1,2,125000,2018,9,17,MA,Alice's Table,business-in-a-box platform for women,Business Services,Female
0,10,0,0,0,0,0,0,10.00%,300000,3000000,,,,0,0,0,0,0,0,0,0,0,,,2018,9,17,VA,Zup,"all-in-one kneeboard, wakesurf, and water ski",Fitness/Sports/Outdoors,Male
1,10,1,0,0,0,1,0,10.00%,150000,1500000,20.00%,150000,750000,0,0,0,0,0,0,1,0,0,1,150000,2018,9,17,CA,Boobie Bar,lactation bars for breastfeeding,Food and Beverage,Female
1,20,1,0,0,0,0,0,20.00%,60000,300000,35.00%,60000,171429,0,0,0,0,0,0,1,0,0,1,60000,2018,9,17,CA,Pandaloon,animal costumes,Pet Products,Female
1,5,1,0,0,0,0,0,5.00%,250000,5000000,10.00%,250000,2500000,0,0,0,0,0,0,0,1,0,1,250000,2018,9,19,NY,The Pop,pacifier,Children/Education,Female
0,10,1,0,0,0,0,0,10.00%,150000,1500000,5.00%,150000,3000000,1,0,0,0,0,0,0,1,0,1,150000,2018,9,18,CA,RounderBum,padded men's undergarments,Fashion/Beauty,Male
0,10,0,1,0,0,0,0,10.00%,500000,5000000,,,,0,0,0,0,0,0,0,0,0,,,2018,9,18,,Brush Hero,water-pressure powered oscillating brush,Lifestyle/Home,Male
1,10,0,0,0,0,0,0,10.00%,100000,1000000,,,,0,0,0,0,0,0,0,0,0,,,2018,9,18,,Savy,online service that allows customers to negotiate prices with vendors,Fashion/Beauty,Female
1,10,1,0,0,0,1,0,10.00%,400000,4000000,25.00%,400000,1600000,0,0,0,0,0,0,1,0,0,1,400000,2018,9,18,,Guzzle Buddy,wine glass attachable to bottles,Food and Beverage,Mixed Team
0,10,1,1,0,0,0,0,10.00%,150000,1500000,25.00%,150000,600000,0,0,0,1,0,0,0,0,0,1,150000,2018,9,19,CA,Bouquet Bar,custom gift boxes,Lifestyle/Home,Male
0,13,0,0,0,0,0,0,12.50%,200000,1600000,,,,0,0,0,0,0,0,0,0,0,,,2018,9,19,WI,The Wingman,life jackets,Fitness/Sports/Outdoors,Male
1,10,0,0,0,0,0,0,10.00%,460000,4600000,,,,0,0,0,0,0,0,0,0,0,,,2018,9,19,GA,Zuvaa,marketplace for African fashion,Fashion/Beauty,Female
1,15,1,0,0,0,1,0,15.00%,300000,2000000,20.00%,300000,1500000,0,0,1,0,0,0,0,0,0,1,300000,2018,9,20,CA,The Dough Bar,protein donuts,Food and Beverage,Mixed Team
0,10,0,0,0,0,0,0,10.00%,300000,3000000,,,,0,0,0,0,0,0,0,0,0,,,2018,9,20,MD,ShowerPill,body wipes,Health/Wellness,Male
0,15,1,0,0,0,0,0,15.00%,250000,1666667,25.00%,250000,1000000,0,0,0,1,0,0,0,0,0,1,250000,2018,9,20,IL,ChangEd,app that rounds up transactions to pay for student loan,Children/Education,Male
0,15,1,0,0,0,0,0,15.00%,150000,1000000,30.00%,150000,500000,0,0,0,1,1,0,0,0,1,3,50000,2018,9,20,IL,SnapClips,silicone weight collars,Fitness/Sports/Outdoors,Male
0,12,0,0,0,0,1,0,12.00%,600000,5000000,,,,0,0,0,0,0,0,0,0,0,,,2018,9,21,VT,Sap!,canned maple beverages,Food and Beverage,Male
0,20,1,0,0,0,0,0,20.00%,50000,250000,25.00%,100000,400000,0,0,0,0,0,1,0,0,0,1,100000,2018,9,21,,Radiate,portable campfire,Fitness/Sports/Outdoors,Male
1,20,0,0,0,0,0,0,20.00%,150000,750000,,,,0,0,0,0,0,0,0,0,0,,,2018,9,21,NC,Petrol,vitamin water for dogs,Pet Products,Mixed Team
0,5,1,0,0,0,1,0,5.00%,1000000,20000000,10.00%,1000000,10000000,0,0,0,0,0,0,0,0,1,1,1000000,2018,9,21,CA,Everytable,take-out packaged food,Food and Beverage,Male
0,5,1,1,0,0,0,0,5.00%,750000,15000000,5.00%,750000,15000000,0,Y,0,0,1,0,0,0,0,1,750000,2018,9,22,CA,Gunnar Optiks,glasses for looking at computers,Lifestyle/Home,Male
0,10,1,0,0,0,1,0,10.00%,300000,3000000,20.00%,400000,2000000,0,0,1,1,0,0,0,0,0,2,200000,2018,9,22,WA,Avocaderia,avocado-based food chain,Food and Beverage,Male
1,3,1,1,0,0,0,0,3.00%,500000,16666667,4.00%,500000,12500000,0,0,0,1,0,0,0,0,0,1,500000,2018,9,22,CA,Solsource,solar powered grill,Lifestyle/Home,Female
0,5,0,0,0,0,1,0,4.50%,500000,11111111,,,,0,0,0,0,0,0,0,0,0,,,2018,9,22,NY,Sunnova,"""super coffee""",Food and Beverage,Male
0,7,1,1,0,0,0,0,7.00%,350000,5000000,10.00%,150000,1500000,1,0,0,0,1,0,0,0,0,1,150000,2018,9,23,TX,Egg Mazing,easter egg decorator,Lifestyle/Home,Male
1,50,1,1,0,0,0,0,50.00%,50000,100000,100.00%,100000,100000,0,0,0,1,1,0,0,0,0,2,50000,2018,9,23,CA,Hugo's Amazing Tape,tape that sticks to itself,Lifestyle/Home,Female
0,5,0,0,0,0,0,0,5.00%,250000,5000000,,,,0,0,0,0,0,0,0,0,0,,,2018,9,23,CA,Coolpeds,Electric scooters,Fitness/Sports/Outdoors,Male
0,8,1,0,0,0,0,1,7.50%,250000,3333333,15.00%,250000,1666667,0,N,0,0,0,1,0,0,0,1,250000,2018,9,23,NY,Coinout,digital cash wallet,Software/Tech,Male
0,20,0,0,0,0,0,0,20.00%,200000,1000000,,,,0,0,0,0,0,0,0,0,0,,,2018,9,24,FL,Bermie's,men's swimwear,Fashion/Beauty,Male
1,10,1,0,0,0,0,0,10.00%,350000,3500000,15.00%,350000,2333333,0,0,0,0,1,0,0,0,0,1,350000,2018,9,24,CA,Lace Your Face,beauty face mask,Fashion/Beauty,Female
0,10,1,0,0,0,1,0,10.00%,300000,3000000,25.00%,300000,1200000,0,0,0,0,1,1,0,0,0,2,150000,2018,9,24,FL,OA Foods,pasta made from hearts of palm,Food and Beverage,Male
0,10,0,0,0,0,0,0,10.00%,400000,4000000,,,,0,0,0,0,0,0,0,0,0,,,2018,9,24,NJ,Thrive+,pill to cure hangovers,Health/Wellness,Male
1,5,0,1,0,0,0,0,5.00%,625000,12500000,,,,0,0,0,0,0,0,0,0,0,,,2020,10,1,,Final Straw,collapsable drinking straw,Lifestyle/Home,Mixed Team
1,20,1,1,0,0,0,0,20.00%,100000,500000,25.00%,100000,400000,0,0,0,0,0,0,0,0,1,1,100000,2020,10,1,,Bear Bowl,folding outdoor cook pot,Lifestyle/Home,Mixed Team
0,15,1,0,0,0,0,0,15.00%,80000,533333,20.00%,80000,400000,0,0,0,0,0,0,0,1,0,1,80000,2020,10,1,,Le-Glue,glue for legos,Children/Education,Male
0,5,0,1,0,0,0,0,5.00%,1000000,20000000,,,,0,0,0,0,0,0,0,0,0,,,2020,10,1,GA,Boxlock,smart padlock for deliveries,Lifestyle/Home,Male
1,15,1,0,0,0,1,0,15.00%,150000,1000000,25.00%,150000,600000,0,0,0,1,0,0,0,0,0,1,150000,2020,10,2,,Sanaía,applesauce,Food and Beverage,Female
0,10,0,0,0,0,0,0,10.00%,300000,3000000,,,,0,0,0,0,0,0,0,0,0,,,2020,10,2,,Lug Bug,baby carrier handle,Children/Education,Male
1,10,1,0,0,0,0,0,10.00%,200000,2000000,40.00%,200000,500000,0,0,0,0,1,0,0,0,0,1,200000,2020,10,2,,Ta-Ta Towels,stop boob sweat,Fashion/Beauty,Female
0,10,1,0,0,0,0,0,10.00%,250000,2500000,25.00%,250000,1000000,0,0,0,0,1,0,0,0,0,1,250000,2020,10,2,,Shed Defender,onesie for dogs,Pet Products,Male
1,10,0,0,0,0,1,0,10.00%,500000,5000000,,,,0,0,0,0,0,0,0,0,0,,,2020,10,3,DC,Soupergirl,healthier soups,Food and Beverage,Female
0,10,1,0,0,0,0,1,10.00%,100000,1000000,50.00%,100000,200000,0,N,0,0,0,0,0,1,0,1,100000,2020,10,3,TX,bundil,cryptocurrency investing app,Software/Tech,Male
0,30,1,0,0,0,1,0,30.00%,1500000,5000000,45.00%,1500000,3333333,0,N,0,0,1,0,0,0,1,2,750000,2020,10,3,,Beyond Sushi,vegan sushi,Food and Beverage,Male
1,10,1,1,0,0,0,0,10.00%,100000,1000000,20.00%,100000,500000,0,0,0,1,1,0,1,1,1,5,20000,2020,10,3,,Cup Board Pro,cutting board,Lifestyle/Home,Mixed Team
0,7,1,0,0,0,0,0,7.00%,500000,7142857,25.00%,500000,2000000,0,0,0,1,1,0,0,0,0,2,250000,2020,10,4,CA,Manscaped,men's grooming products,Health/Wellness,Male
1,10,0,0,0,0,0,0,10.00%,300000,3000000,,,,0,0,0,0,0,0,0,0,0,,,2020,10,4,,boomboom,all-natural nasal inhaler,Health/Wellness,Mixed Team
1,10,1,0,0,0,1,0,10.00%,250000,2500000,20.00%,250000,1250000,0,0,0,0,0,0,0,0,1,1,250000,2020,10,4,,Cave Shake,"keto, paleo shake",Food and Beverage,Female
0,10,1,0,0,0,0,0,10.00%,250000,2500000,25.00%,250000,1000000,0,0,0,0,0,1,0,0,0,1,250000,2020,10,4,CA,Butter Cloth,men's shirts,Fashion/Beauty,Male
1,25,0,0,0,0,0,0,25.00%,300000,1200000,,,,0,0,0,0,0,0,0,0,0,,,2020,10,5,,Handbag Raincoat,handbag raincoat,Fashion/Beauty,Female
0,5,1,0,0,0,0,1,5.00%,200000,4000000,10.00%,320000,3200000,0,0,0,1,0,0,0,0,0,1,320000,2020,10,5,NC,Rewardstock,travel site to use reward points,Software/Tech,Male
0,10,0,1,0,0,0,0,10.00%,500000,5000000,,,,0,0,0,0,0,0,0,0,0,,,2020,10,5,,Wisp,more efficient broom,Lifestyle/Home,Male
1,10,1,0,0,0,1,0,10.00%,350000,3500000,10.00%,200000,2000000,0,0,1,0,0,0,0,0,1,2,100000,2020,10,5,WI,The Kombucha Shop,DIY kombucha,Food and Beverage,Female
0,20,0,1,0,0,0,0,20.00%,200000,1000000,,,,0,0,0,0,0,0,0,0,0,,,2020,10,6,,Lockstraps,locking tie downs,Lifestyle/Home,Male
1,10,1,0,0,0,1,0,10.00%,250000,2500000,40.00%,700000,1750000,0,0,0,1,0,0,0,0,1,2,350000,2020,10,6,,Vade Nutrition,protein shakes,Food and Beverage,Mixed Team
0,10,1,0,0,0,1,0,10.00%,300000,3000000,25.00%,300000,1200000,0,0,0,0,0,0,0,0,1,1,300000,2020,10,6,,Nui,low-sugar diet cookies,Food and Beverage,Male
0,5,1,1,0,0,0,0,5.00%,1000000,20000000,5.00%,1000000,20000000,1,0,0,1,1,0,0,0,0,2,500000,2020,10,6,,Bottlekeeper,insulated beer bottle holder,Lifestyle/Home,Male
0,8,1,0,0,0,0,0,8.00%,640000,8000000,25.00%,640000,2560000,0,0,0,1,0,0,0,0,0,1,640000,2020,10,7,,Prank-O,fake product gift boxes,Uncertain/Other,Male
0,15,1,0,0,0,0,0,15.00%,50000,333333,15.00%,50000,333333,0,0,1,0,0,0,0,0,0,1,50000,2020,10,7,,Ski-Z,rolling ski carrier,Fitness/Sports/Outdoors,Male
1,20,1,0,0,0,1,0,20.00%,500000,2500000,33.30%,500000,15000000,0,0,0,0,1,0,0,0,0,1,500000,2020,10,7,,Oatmeals,oatmeal cafe,Food and Beverage,Female
0,10,1,0,0,0,0,0,10.00%,200000,2000000,10.00%,200000,2000000,0,0,1,0,0,0,0,0,0,1,200000,2020,10,7,,Hire Santa,santa network,Business Services,Male
1,10,1,0,0,0,0,0,10.00%,250000,2500000,5.00%,250000,5000000,1,0,0,0,0,0,0,1,0,1,250000,2020,10,8,,Pop It Pal,pimple popping simulator,Uncertain/Other,Mixed Team
1,4,1,0,0,0,1,0,4.00%,500000,12500000,6.00%,500000,8333333,0,0,0,0,0,0,0,0,1,1,500000,2020,10,8,NJ,Yumble,children's meal delivery service,Food and Beverage,Mixed Team
0,8,0,0,0,0,0,0,8.00%,375000,4687500,,,,0,0,0,0,0,0,0,0,1,1,,2020,10,8,,BollyX,bollywood dance workouts,Fitness/Sports/Outdoors,Male
1,10,1,0,0,0,1,0,10.00%,400000,4000000,25.00%,400000,1600000,0,0,0,0,0,0,0,0,1,1,400000,2020,10,8,TX,Mother Beverage,apple cider vinegar drink,Food and Beverage,Mixed Team
1,5,1,0,0,1,0,0,5.00%,150000,3000000,100.00%,3000000,3000000,0,0,0,0,0,0,1,0,0,1,3000000,2020,10,9,CT,Moki Doorstep,step to reach roof of car,Automotive,Mixed Team
0,8,0,0,0,0,0,0,8.00%,500000,6250000,,,,0,0,0,0,0,0,0,0,0,,,2020,10,9,IL,Sproing Fitness,redesigned treadmill,Fitness/Sports/Outdoors,Male
0,25,1,0,0,0,1,0,25.00%,50000,200000,30.00%,50000,166667,0,N,0,1,0,0,0,0,0,1,50000,2020,10,9,MI,Bruw,DIY cold brew coffee,Food and Beverage,Male
1,10,1,0,0,0,0,0,10.00%,200000,2000000,20.00%,200000,1000000,0,0,0,0,1,0,0,0,0,1,200000,2020,10,9,CA,TushBaby,carrier for babies,Children/Education,Female
0,10,1,0,0,0,0,0,10.00%,150000,1500000,20.00%,150000,750000,0,N,0,0,0,1,0,0,0,1,150000,2020,10,10,UT,Adventure Hunt,modern-day treasure hunt,Fitness/Sports/Outdoors,Male
0,10,0,0,0,0,0,0,10.00%,300000,3000000,,,,0,0,0,0,0,0,0,0,0,,,2020,10,10,,Uniform,minimalist clothing,Fashion/Beauty,Male
1,20,1,0,0,0,0,0,20.00%,50000,250000,25.00%,50000,200000,0,0,0,0,1,0,0,0,0,1,50000,2020,10,10,TX,Pristine,cleansing sprays,Health/Wellness,Mixed Team
0,8,0,0,0,0,0,0,7.50%,200000,2666667,,,,0,0,0,0,0,0,0,0,0,,,2020,10,10,CA,Aquapaw,dog bathing tool,Pet Products,Male
1,25,1,0,0,0,0,0,25.00%,350000,1400000,25.00%,350000,1400000,0,0,0,0,0,0,0,0,1,1,350000,2020,10,11,CA,Sonnet James,flexible dresses for moms,Fashion/Beauty,Female
1,20,1,0,0,0,0,0,20.00%,200000,1000000,30.00%,200000,666667,0,0,0,0,1,0,0,0,0,1,200000,2020,10,11,,Kitty Kasas,cat houses,Pet Products,Mixed Team
1,15,1,0,0,0,0,0,15.00%,200000,1333333,5.00%,200000,4000000,0,Y,0,0,1,0,0,0,0,1,200000,2020,10,11,,Makeup Junkie Bags,makeup bags,Fashion/Beauty,Female
1,10,0,0,0,0,0,0,10.00%,300000,3000000,,,,0,0,0,0,0,0,0,0,0,,,2020,10,11,,Angel Shave Club,shave club for women,Fashion/Beauty,Mixed Team
0,5,1,0,0,0,1,0,5.00%,150000,3000000,12.50%,160000,1280000,0,0,0,0,1,0,0,0,0,1,160000,2020,10,12,CA,Obvious Wines,wine,Food and Beverage,Male
1,10,0,0,0,0,0,0,10.00%,100000,1000000,,,,0,0,0,0,0,0,0,0,0,,,2020,10,12,TX,ZuGoPet,travel products for pets,Pet Products,Female
1,3,1,0,0,0,0,0,2.50%,200000,8000000,2.50%,200000,8000000,1,0,0,0,0,0,0,1,0,1,200000,2020,10,12,CA,Monti Kids,montessori toys,Children/Education,Female
0,15,1,0,0,0,0,0,15.00%,225000,1500000,25.00%,225000,900000,0,0,0,1,0,0,1,0,0,2,112500,2020,10,12,CA,Twist It Up Combs,hair comb,Fashion/Beauty,Male
1,5,0,0,0,0,1,0,5.00%,275000,5500000,,,,0,0,0,0,0,0,0,0,0,,,2020,10,13,NY,Fresh Bellies,baby food,Food and Beverage,Female
1,13,1,1,0,0,0,0,13.00%,50000,384615,25.00%,100000,400000,0,0,0,1,0,0,0,0,1,2,50000,2020,10,13,,SubSafe,sandwich container,Lifestyle/Home,Mixed Team
1,8,1,0,0,0,0,0,8.00%,150000,1875000,22.50%,150000,666667,0,0,0,0,1,0,0,0,1,2,75000,2020,10,13,CA,Zorpads,shoe odor inserts,Fashion/Beauty,Mixed Team
0,15,1,1,0,0,0,0,15.00%,550000,3666667,25.00%,550000,2200000,0,0,0,1,0,0,0,0,0,1,550000,2020,10,13,OK,Life Lift Systems,tornado shelter,Lifestyle/Home,Male
1,10,0,0,0,0,0,0,10.00%,400000,4000000,,,,0,0,0,0,0,0,0,0,0,,,2020,10,14,IL,CulrMix,hair product,Fashion/Beauty,Mixed Team
0,20,1,0,0,0,0,0,20.00%,50000,250000,30.00%,50000,166667,0,0,0,0,0,0,0,0,1,1,50000,2020,10,14,NC,Zookies,dog treats,Pet Products,Male
1,15,0,0,0,0,0,0,15.00%,50000,333333,,,,0,0,0,0,0,0,0,0,0,,,2020,10,14,TX,GOGA,goat yoga,Health/Wellness,Mixed Team
1,33,1,1,0,0,0,0,33.00%,80000,242424,40.00%,80000,200000,0,0,0,1,0,0,0,0,1,2,40000,2020,10,14,,Shower Toga,portable shower,Lifestyle/Home,Female
1,5,1,0,0,0,0,1,5.00%,150000,3000000,13.00%,150000,1153846,0,0,0,0,0,0,0,1,0,1,150000,2020,10,15,,ToyBox,3d printer,Software/Tech,Mixed Team
1,10,1,0,0,0,1,0,10.00%,250000,2500000,20.00%,400000,2000000,0,0,0,0,0,0,0,0,1,1,400000,2020,10,15,MO,Moink Meat,subscription box,Food and Beverage,Female
1,4,0,0,0,0,0,1,4.00%,200000,5000000,,,,0,0,0,0,0,0,0,0,0,,,2020,10,15,,Goalsetter,savings app,Software/Tech,Female
0,10,0,0,0,0,0,1,10.00%,400000,4000000,,,,0,0,0,0,0,0,0,0,0,,,2020,10,15,,Jolly Roger,robocall bot,Software/Tech,Male
0,5,1,0,0,0,0,0,5.00%,500000,10000000,12.50%,500000,4000000,0,0,0,0,0,0,0,0,1,1,500000,2020,10,16,,Urban Float,sensory deprivation therapy,Health/Wellness,Male
1,10,0,0,0,0,0,0,10.00%,150000,1500000,,,,0,0,0,0,0,0,0,0,0,,,2020,10,16,,Kudo Banz,wrist bands for kids,Children/Education,Mixed Team
0,20,1,0,0,0,0,0,20.00%,100000,500000,33.30%,100000,300300,0,0,0,0,0,0,1,0,0,1,100000,2020,10,16,,Pooch Selfie,Selfie tool for dogs,Pet Products,Male
0,5,1,0,0,0,0,0,5.00%,550000,11000000,10.00%,550000,5500000,0,0,0,1,0,0,0,0,0,1,550000,2020,10,16,,Wild Earth,dog treats,Pet Products,Male
1,3,0,0,0,0,0,0,3.00%,250000,8333333,,,,0,0,0,0,0,0,0,0,0,,,2020,10,17,,SilkRoll,fashion trading platform,Fashion/Beauty,Mixed Team
0,8,1,0,0,0,1,0,8.00%,200000,2500000,15.00%,300000,2000000,0,0,1,0,0,0,0,0,0,1,300000,2020,10,17,,Press Waffle Co.,waffle franchise,Food and Beverage,Male
0,25,1,0,0,1,0,0,25.00%,100000,400000,33.30%,100000,300300,0,0,0,1,0,0,0,0,0,1,100000,2020,10,17,,Pickup Pools,pools for truck bed,Automotive,Male
1,10,1,0,0,0,0,0,10.00%,350000,3500000,35.00%,350000,1000000,0,1,1,0,0,0,0,0,0,1,350000,2020,10,17,,Dare-U-Go Bib,bib food container,Children/Education,Female
0,8,0,0,0,0,1,0,8.00%,2000000,25000000,,,,0,0,0,0,0,0,0,0,0,,,2020,10,18,NY,Nuchas Empanada,empanada franchise,Food and Beverage,Male
0,6,0,0,0,0,0,0,6.00%,500000,8333333,,,,0,0,0,0,0,0,0,0,0,,,2020,10,18,,CertifiKID,discount comany for family activities,Children/Education,Male
0,10,1,1,0,0,0,0,10.00%,100000,1000000,20.00%,100000,500000,0,0,0,1,0,0,0,0,0,1,100000,2020,10,18,,Kanga Koozie,cooler for cases,Lifestyle/Home,Male
1,8,1,1,0,0,0,0,8.00%,600000,7500000,19.00%,600000,3157895,0,0,0,0,0,0,0,1,0,1,600000,2020,10,18,,HAVEN Lock,door locks,Lifestyle/Home,Mixed Team
0,20,1,0,0,0,0,0,20.00%,100000,500000,40.00%,100000,250000,0,0,1,0,0,0,0,0,1,2,50000,2020,10,19,,Pricetitution,card game,Media/Entertainment,Male
0,20,0,0,0,0,1,0,20.00%,500000,2500000,,,,0,0,0,0,0,0,0,0,0,,,2020,10,19,,Luma Soda,soda,Food and Beverage,Male
0,10,1,1,0,0,0,0,10.00%,400000,4000000,20.00%,400000,2000000,0,0,0,1,0,0,0,0,0,1,400000,2020,10,19,,Hydroviv,water filters,Lifestyle/Home,Male
0,10,0,1,0,0,0,0,10.00%,500000,5000000,,,,0,0,0,0,0,0,0,0,0,,,2020,10,19,,Flip-It,caps for food products,Lifestyle/Home,Male
1,10,1,0,0,0,1,0,10.00%,400000,4000000,25.00%,400000,1600000,0,0,1,0,0,0,0,0,0,1,400000,2020,10,20,,Maven's Creamery,macaron ice cream sandwiches,Food and Beverage,Female
0,4,1,0,0,0,0,0,3.50%,500000,14285714,14.00%,500000,3571429,0,0,0,1,0,0,0,0,0,1,500000,2020,10,20,,Sapre,mobile ATM,Business Services,Male
0,15,0,0,0,0,0,0,15.00%,150000,1000000,,,,0,0,0,0,0,0,0,0,0,,,2020,10,20,,Swoveralls,sweat pants + overalls,Fashion/Beauty,Male
0,10,1,0,0,0,0,0,10.00%,500000,5000000,20.00%,500000,2500000,0,0,0,1,0,0,0,0,0,1,500000,2020,10,20,,Somnifix,mouth tape,Health/Wellness,Male
0,15,1,0,0,0,0,0,15.00%,250000,1666667,,200000,,1,0,0,0,0,0,1,0,0,1,200000,2020,10,21,MO,The Best Pocket Square Holder,pocket square holder,Fashion/Beauty,Male
1,5,1,0,0,0,0,0,5.00%,250000,5000000,10.00%,250000,2500000,0,0,0,0,0,1,0,1,0,2,125000,2020,10,21,,Basepaws,cat DNA test,Pet Products,Female
0,20,0,0,0,0,1,0,20.00%,80000,400000,,,,0,0,0,0,0,0,0,0,0,,,2020,10,21,,The Bang Shack,chicken dip,Food and Beverage,Male
0,5,1,0,0,0,0,0,5.00%,250000,5000000,10.00%,500000,5000000,0,0,0,0,0,1,0,0,0,1,500000,2020,10,21,,Kymera,electric body board,Fitness/Sports/Outdoors,Male
0,8,1,1,0,0,0,0,7.50%,150000,2000000,20.00%,150000,750000,0,0,0,0,0,0,0,1,0,1,150000,2020,10,22,,DeskView,window-mounted standing desk,Lifestyle/Home,Male
0,15,1,0,0,1,0,0,15.00%,45000,300000,25.00%,45000,180000,0,0,0,0,0,1,0,0,0,1,45000,2020,10,22,,Saucemoto,car sauce holder,Automotive,Male
1,10,0,0,0,0,1,0,10.00%,450000,4500000,,,,0,0,0,0,0,0,0,0,0,,,2020,10,22,CA,DoughP,cookie dough,Food and Beverage,Female
0,10,1,1,0,0,0,0,10.00%,350000,3500000,25.00%,350000,1400000,0,0,1,0,0,0,0,0,0,1,350000,2020,10,22,,Cubicall,office privacy booth,Lifestyle/Home,Male
0,8,1,0,0,0,1,0,7.50%,250000,3333333,15.00%,250000,1666667,0,0,0,1,0,0,0,0,0,1,250000,2020,10,23,,Fat Shack,lat night food franchise,Food and Beverage,Male
0,5,1,0,0,0,0,0,5.00%,500000,10000000,10.00%,500000,5000000,0,0,0,0,1,0,0,0,0,1,500000,2020,10,23,CA,Quickflip,hoodie backpack,Fashion/Beauty,Male
0,16,1,1,0,0,0,0,16.00%,100000,625000,33.30%,100000,300300,0,0,0,0,0,0,0,1,0,1,100000,2020,10,23,,BatBnB,bat houses,Lifestyle/Home,Male
1,10,0,0,0,0,0,0,10.00%,250000,2500000,,,,0,0,0,0,0,0,0,0,0,,,2020,10,23,,CoyoteVest,body armor for pets,Pet Products,Mixed Team
1,2,1,1,0,0,0,0,2.00%,270000,13500000,3.00%,270000,9000000,1,0,0,0,0,0,0,1,0,1,270000,2021,11,1,,Blueland,,Lifestyle/Home,Mixed Team
0,10,1,0,0,0,1,0,10.00%,300000,3000000,25.00%,500000,2000000,0,0,0,0,0,0,0,0,1,1,500000,2021,11,1,,TaDah! Foods,,Food and Beverage,Male
0,20,0,0,0,0,0,0,20.00%,500000,2500000,,,,0,0,0,0,0,0,0,0,0,,,2021,11,1,,Minuscal,,Health/Wellness,Male
1,50,1,0,0,0,0,0,50.00%,50000,100000,50.00%,50000,100000,1,0,0,0,1,0,0,0,0,1,50000,2021,11,1,,BabyToon,,Children/Education,Female
0,5,1,0,0,0,0,0,5.00%,1000000,20000000,6.25%,1000000,16000000,0,1,0,0,0,0,0,1,0,1,1000000,2021,11,2,,Boost Oxygen,,Health/Wellness,Male
1,10,0,0,0,0,1,0,10.00%,500000,5000000,,,,0,0,0,0,0,0,0,0,0,,,2021,11,2,,Atlas Monroe,,Food and Beverage,Mixed Team
1,10,1,0,0,0,0,0,10.00%,750000,7500000,20.00%,750000,3750000,0,0,0,1,1,0,0,0,0,2,375000,2021,11,2,,Circadian Optics,,Health/Wellness,Female
1,20,0,0,0,0,0,0,20.00%,200000,1000000,,,,0,0,0,0,0,0,0,0,0,,,2021,11,2,,Face Yoga With Koko,,Health/Wellness,Female
1,5,1,0,0,0,0,0,5.00%,600000,12000000,6.00%,600000,10000000,0,0,0,0,0,0,0,0,0,1,600000,2021,11,3,,Eterneva,,Business Services,Mixed Team
0,7,1,0,0,0,0,1,7.00%,500000,7142857,15.00%,500000,3333333,0,0,0,0,1,1,0,1,0,3,166667,2021,11,3,,Aira,,Software/Tech,Male
0,10,0,0,0,0,0,0,10.00%,150000,1500000,,,,0,0,0,0,0,0,0,0,0,,,2021,11,3,,Baobab,,Fashion/Beauty,Male
1,20,1,0,0,0,0,0,20.00%,125000,625000,33.00%,125000,378788,0,0,0,0,0,0,1,0,0,1,125000,2021,11,3,,Squid Socks,,Children/Education,Mixed Team
0,3,1,0,0,0,1,0,2.50%,250000,10000000,5.00%,250000,5000000,0,0,0,1,0,0,0,0,0,1,250000,2021,11,4,,Snacklins,,Food and Beverage,Male
1,10,1,0,0,0,0,0,10.00%,150000,1500000,10.00%,150000,1500000,0,0,0,0,1,0,0,0,0,1,150000,2021,11,4,,Bug Bite Thing,,Health/Wellness,Female
0,10,0,1,0,0,0,0,10.00%,150000,1500000,,,,0,0,0,0,0,0,0,0,0,,,2021,11,4,,Plop Star,,Lifestyle/Home,Male
0,15,1,0,0,0,0,0,15.00%,400000,2666667,20.00%,500000,2500000,0,0,0,0,1,0,0,0,1,2,250000,2021,11,4,,Knife Aid,,Business Services,Male
0,8,1,0,0,0,0,0,8.00%,300000,3750000,13.00%,300000,2307692,0,0,0,1,0,0,0,0,0,1,300000,2021,11,5,,Golfkicks,,Fashion/Beauty,Male
0,10,1,0,0,0,0,0,10.00%,150000,1500000,5.00%,150000,3000000,1,0,0,0,1,0,0,0,0,1,150000,2021,11,5,,Myostorm,,Health/Wellness,Male
1,10,1,0,0,0,0,0,10.00%,250000,2500000,20.00%,250000,1250000,1,0,0,0,0,0,0,0,1,1,250000,2021,11,5,,Tailgate N Go,,Fitness/Sports/Outdoors,Mixed Team
0,20,0,0,0,0,0,0,20.00%,150000,750000,,,,0,0,0,0,0,0,0,0,0,,,2021,11,5,,Nerdit Now,,Business Services,Male
0,5,1,0,0,0,0,0,5.00%,125000,2500000,5.00%,125000,2500000,1,0,0,0,0,0,0,1,0,1,125000,2021,11,6,,EZC Pak,,Health/Wellness,Male
0,10,0,0,0,0,1,0,10.00%,325000,3250000,,,,0,0,0,0,0,0,0,0,0,,,2021,11,6,,Pili Hunters,,Food and Beverage,Male
0,10,1,1,0,0,0,0,10.00%,300000,3000000,15.00%,300000,2000000,0,0,0,0,0,1,0,0,0,1,300000,2021,11,6,,Supply,,Lifestyle/Home,Male
1,15,1,1,0,0,0,0,15.00%,40000,266667,30.00%,40000,133333,0,0,0,0,1,0,0,1,0,2,20000,2021,11,6,,The Measuring Shovel,,Lifestyle/Home,Mixed Team
1,10,1,0,0,0,1,0,10.00%,400000,4000000,22.00%,400000,1818182,0,0,0,1,0,0,0,0,0,1,400000,2021,11,7,,The Yard Milkshake Bar,,Food and Beverage,Mixed Team
1,15,1,0,0,0,0,0,15.00%,150000,1000000,25.00%,150000,600000,0,0,0,0,0,0,1,0,0,1,150000,2021,11,7,,Baubles + Soles,,Fashion/Beauty,Mixed Team
0,15,0,1,0,0,0,0,15.00%,200000,1333333,,,,0,0,0,0,0,0,0,0,0,,,2021,11,7,,Peanut Butter Pump,,Lifestyle/Home,Male
1,17,1,0,0,0,0,0,17.00%,250000,1470588,25.00%,250000,1000000,0,0,0,1,0,0,0,0,0,1,250000,2021,11,7,,Dog Threads,,Pet Products,Mixed Team
0,2,1,0,0,0,0,0,2.00%,500000,25000000,5.00%,500000,10000000,0,0,0,0,1,0,0,0,1,2,250000,2021,11,8,,Gallant,,Pet Products,Male
0,4,1,1,0,0,0,0,4.00%,750000,18750000,5.00%,750000,15000000,1,1,0,0,1,0,0,0,0,1,750000,2021,11,8,,Outer,,Lifestyle/Home,Male
1,10,1,0,0,0,1,0,10.00%,100000,1000000,20.00%,250000,1250000,0,0,0,1,0,0,0,0,0,1,250000,2021,11,8,,Mrs. Goldfarb's Unreal Deli,,Food and Beverage,Female
1,15,1,0,0,0,0,0,15.00%,300000,2000000,22.50%,300000,1333333,0,0,0,0,1,0,0,0,0,1,300000,2021,11,8,,Terra-Core Fitness,,Fitness/Sports/Outdoors,Mixed Team
0,7,0,0,0,0,0,0,7.00%,200000,2857143,,,,0,0,0,0,0,0,0,0,0,,,2021,11,9,,Kit Lender,,Business Services,Male
0,10,1,0,0,0,0,0,10.00%,150000,1500000,25.00%,150000,600000,0,0,0,0,0,0,0,1,0,1,150000,2021,11,9,,Beardaments,,Business Services,Male
0,10,0,1,0,0,0,0,10.00%,400000,4000000,,,,0,0,0,0,0,0,0,0,0,,,2021,11,9,,Easy Treezy,,Lifestyle/Home,Male
0,15,1,1,0,0,0,0,15.00%,150000,1000000,20.00%,150000,750000,0,0,0,0,1,0,0,0,0,1,150000,2021,11,9,,Little Elf Gift Wrap Cutter,,Lifestyle/Home,Male
0,6,1,1,0,0,0,0,6.00%,800000,13333333,10.00%,400000,4000000,0,1,0,0,1,0,0,0,0,1,400000,2021,11,10,,Flexscreen,,Lifestyle/Home,Male
0,15,0,0,0,0,0,0,15.00%,600000,4000000,,,,0,0,0,0,0,0,0,0,0,,,2021,11,10,,Fortress Clothing,,Fashion/Beauty,Male
1,20,1,0,0,0,0,0,20.00%,400000,2000000,20.00%,400000,2000000,0,0,1,0,0,0,0,0,0,1,400000,2021,11,10,,SlumberPod,,Children/Education,Female
0,20,0,0,0,0,0,0,20.00%,125000,625000,,,,0,0,0,0,0,0,0,0,0,,,2021,11,10,,ZUUM,,Fitness/Sports/Outdoors,Male
1,10,1,0,0,0,0,0,10.00%,400000,4000000,5.00%,400000,8000000,1,0,0,0,0,0,0,1,0,1,400000,2021,11,11,,Kreyòl Essence,,Health/Wellness,Mixed Team
1,10,0,0,0,0,0,0,10.00%,100000,1000000,,,,0,0,0,0,0,0,0,0,0,,,2021,11,11,,LoveSync,,Business Services,Mixed Team
1,15,1,0,0,0,0,0,15.00%,30000,200000,25.00%,35000,140000,0,0,0,0,1,0,1,0,0,2,17500,2021,11,11,,Wise Pocket Products,,Fashion/Beauty,Female
1,20,1,0,0,0,1,0,20.00%,100000,500000,33.00%,100000,303030,0,0,0,1,0,0,0,0,0,1,100000,2021,11,11,,Wanna Date?,,Food and Beverage,Female
0,5,0,0,0,0,1,0,5.00%,350000,7000000,,,,0,0,0,0,0,0,0,0,0,,,2021,11,12,,Ka-Pop!,,Food and Beverage,Male
0,7,1,0,0,0,1,0,7.00%,250000,3571429,25.00%,500000,2000000,0,0,1,1,0,0,0,0,0,2,250000,2021,11,12,,Genius Juice,,Food and Beverage,Male
1,7,1,0,0,0,0,0,7.00%,350000,5000000,10.00%,350000,3500000,0,0,0,1,0,0,0,0,0,1,350000,2021,11,12,,"Ready, Set, Food!",,Children/Education,Mixed Team
1,20,1,0,0,0,0,0,20.00%,200000,1000000,30.00%,200000,666667,0,0,1,0,0,0,0,0,0,1,200000,2021,11,12,,Rapid Rope,,Fitness/Sports/Outdoors,Mixed Team
1,3,1,0,0,0,0,0,2.50%,500000,20000000,8.00%,500000,6250000,0,0,0,0,1,0,0,0,0,1,500000,2021,11,13,,Fur,,Fashion/Beauty,Female
1,10,1,0,0,0,0,0,10.00%,400000,4000000,30.00%,900000,3000000,0,0,0,1,0,0,0,0,1,2,450000,2021,11,13,,Bala Bangles,,Fitness/Sports/Outdoors,Mixed Team
0,10,0,0,0,0,1,0,10.00%,500000,5000000,,,,0,0,0,0,0,0,0,0,0,,,2021,11,13,,Pips & Bounce,,Food and Beverage,Male
0,20,1,0,0,0,1,0,20.00%,100000,500000,25.00%,100000,400000,0,0,0,1,0,0,0,0,0,1,100000,2021,11,13,,Shake it Pup,,Food and Beverage,Male
1,5,0,0,0,0,0,0,5.00%,500000,10000000,,,,0,0,0,0,0,0,0,0,0,,,2021,11,14,,BabyQuip,,Business Services,Mixed Team
1,5,0,0,0,0,0,0,5.00%,325000,6500000,,,,0,0,0,0,0,0,0,0,0,,,2021,11,14,,Bite Toothpaste Bits,,Health/Wellness,Mixed Team
1,10,1,0,0,0,0,0,10.00%,400000,4000000,10.00%,400000,400000,1,0,0,0,1,0,0,0,1,2,200000,2021,11,14,,Pair Eyewear,,Health/Wellness,Mixed Team
1,18,1,0,0,0,1,0,18.00%,180000,1000000,20.00%,180000,900000,0,0,0,1,0,0,0,0,0,1,180000,2021,11,14,,Coconut Girl,,Food and Beverage,Female
0,5,0,0,0,0,0,0,5.00%,300000,6000000,,,,0,0,0,0,0,0,0,0,0,,,2021,11,15,,Swimply,,Business Services,Male
1,8,0,0,0,0,1,0,8.00%,200000,2500000,,,,0,0,0,0,0,0,0,0,0,,,2021,11,15,,KidsLuv,,Food and Beverage,Female
0,10,1,1,0,0,0,0,10.00%,120000,1200000,25.00%,120000,480000,0,0,0,0,0,0,0,1,0,1,120000,2021,11,15,,Bertello,,Lifestyle/Home,Male
1,33,1,0,0,0,0,0,33.30%,100000,300300,33.30%,100000,300300,1,0,1,0,0,0,0,0,0,1,100000,2021,11,15,,The Space Traveler,,Children/Education,Female
1,10,1,0,0,0,1,0,10.00%,200000,2000000,8.00%,200000,1840000,0,1,0,0,0,0,0,1,0,1,200000,2021,11,16,,Bohana,,Food and Beverage,Female
0,10,1,0,0,0,0,0,10.00%,300000,3000000,10.00%,150000,1500000,0,1,1,0,0,0,0,0,0,1,150000,2021,11,16,,Boho Camper Vans,,Fitness/Sports/Outdoors,Male
1,10,1,1,0,0,0,0,10.00%,150000,1500000,25.00%,150000,600000,0,0,0,1,0,0,0,0,0,1,150000,2021,11,16,,Grouphug,,Lifestyle/Home,Female
0,14,1,1,0,0,0,0,14.00%,100000,714286,33.00%,100000,303030,0,0,0,1,1,0,0,0,1,3,33333,2021,11,16,,Safety Nailer,,Lifestyle/Home,Male
1,8,1,0,0,0,0,0,8.00%,1000000,12500000,10.00%,1000000,11250000,0,1,0,0,0,0,0,1,0,1,1000000,2021,11,17,,Goumi,,Children/Education,Female
0,10,1,0,0,0,0,0,10.00%,150000,1500000,30.00%,150000,500000,0,0,0,1,1,0,0,0,0,2,75000,2021,11,17,,Pasta by Hudson,,Business Services,Male
0,15,1,1,0,0,0,0,15.00%,115000,766667,15.00%,115000,766667,1,0,0,0,0,0,0,1,0,1,115000,2021,11,17,,Critter Pricker,,Lifestyle/Home,Male
1,20,1,0,0,0,1,0,20.00%,125000,625000,30.00%,125000,416667,0,0,0,0,1,0,0,0,0,1,125000,2021,11,17,,The Frozen Farmer,,Food and Beverage,Female
0,10,1,0,0,0,0,0,10.00%,300000,3000000,20.00%,300000,1500000,0,0,0,0,0,1,0,0,0,1,300000,2021,11,18,,Bad Birdie,,Fashion/Beauty,Male
1,10,0,1,0,0,0,0,10.00%,150000,1500000,,,,0,0,0,0,0,0,0,0,0,,,2021,11,18,,Beddley,,Lifestyle/Home,Female
0,15,1,0,0,0,0,0,15.00%,200000,1333333,25.00%,200000,800000,0,0,0,0,0,0,1,0,0,1,200000,2021,11,18,,Muvez,,Fashion/Beauty,Male
0,20,0,0,0,0,0,0,20.00%,100000,500000,,,,0,0,0,0,0,0,0,0,0,,,2021,11,18,,PrepWell Academy,,Business Services,Male
0,5,0,0,0,0,1,0,5.00%,500000,10000000,,,,0,0,0,0,0,0,0,0,0,,,2021,11,19,,Just The Cheese,,Food and Beverage,Male
0,5,0,0,0,0,1,0,5.00%,750000,15000000,,,,0,0,0,0,0,0,0,0,0,,,2021,11,19,,Neuro,,Food and Beverage,Male
1,10,1,1,0,0,0,0,10.00%,100000,1000000,25.00%,100000,400000,0,0,0,0,0,0,0,1,0,1,100000,2021,11,19,,First Saturday Lime,,Lifestyle/Home,Mixed Team
1,15,0,0,0,0,0,0,15.00%,90000,600000,,,,0,0,0,0,0,0,0,0,0,,,2021,11,19,,Seriously Slime,,Children/Education,Female
1,10,0,1,0,0,0,0,10.00%,250000,2500000,,,,0,0,0,0,0,0,0,0,0,,,2021,11,20,,Little Burros,,Lifestyle/Home,Mixed Team
0,12,0,0,0,0,0,0,12.00%,50000,416667,,,,0,0,0,0,0,0,0,0,0,,,2021,11,20,,Jiggaerobics,,Fitness/Sports/Outdoors,Male
1,15,1,0,0,0,1,0,15.00%,200000,1333333,30.00%,200000,666667,0,0,1,0,0,0,0,0,0,1,200000,2021,11,20,,Fried Green Tomatoes,,Food and Beverage,Female
1,15,1,0,0,0,0,0,15.00%,300000,2000000,15.00%,100000,666667,0,1,1,0,0,0,0,0,0,1,100000,2021,11,20,,Mural Painter,,Business Services,Female
1,5,0,0,0,0,0,0,5.00%,500000,10000000,,,,0,0,0,0,0,0,0,0,0,,,2021,11,21,,Proven,,Health/Wellness,Female
0,8,1,0,0,0,0,1,8.00%,500000,6250000,20.00%,500000,2500000,0,0,0,0,0,0,1,0,0,1,500000,2021,11,21,,Tanoshi,,Software/Tech,Male
1,10,1,1,0,0,0,0,10.00%,100000,1000000,20.00%,100000,500000,0,0,0,1,1,0,0,0,0,2,50000,2021,11,21,,UnbuckleMe,,Lifestyle/Home,Female
1,10,0,0,0,0,0,1,10.00%,300000,3000000,,,,0,0,0,0,0,0,0,0,0,,,2021,11,21,,Van Robotics,,Software/Tech,Female
0,10,0,0,0,0,0,0,10.00%,100000,1000000,,,,0,0,0,0,0,0,0,0,0,,,2021,11,22,,Lord Von Schmitt,,Fashion/Beauty,Male
1,15,1,0,0,0,0,0,15.00%,50000,333333,20.00%,50000,250000,0,0,0,0,1,0,0,0,0,1,50000,2021,11,22,,Potty Safe,,Children/Education,Mixed Team
0,15,1,0,0,0,0,0,15.00%,100000,666667,35.00%,100000,285714,0,0,0,0,0,1,0,0,0,1,100000,2021,11,22,,Tough Tie,,Fashion/Beauty,Male
0,20,0,0,0,0,0,0,20.00%,100000,500000,,,,0,0,0,0,0,0,0,0,0,,,2021,11,22,,DadWare,,Fashion/Beauty,Male
0,5,0,0,0,0,0,0,5.00%,500000,10000000,,,,0,0,0,0,0,0,0,0,0,,,2021,11,23,,Salted,,Business Services,Male
0,10,1,1,0,0,0,0,10.00%,300000,3000000,25.00%,300000,1200000,0,0,0,0,0,0,0,1,0,1,300000,2021,11,23,,MC Squares,,Lifestyle/Home,Male
0,10,0,0,0,0,1,0,10.00%,400000,4000000,,,,0,0,0,0,0,0,0,0,0,,,2021,11,23,,Slate Chocolate Milk,,Food and Beverage,Male
0,15,0,1,0,0,0,0,15.00%,75000,500000,,,,0,0,0,0,0,0,0,0,0,,,2021,11,23,,Rescue Ready,,Lifestyle/Home,Male
1,7,1,0,0,0,0,0,7.00%,400000,5714286,25.00%,1000000,4000000,0,0,0,0,0,0,0,0,1,1,1000000,2021,11,24,,Yellow Leaf Hammocks,,Fitness/Sports/Outdoors,Mixed Team
1,10,1,0,0,0,0,0,10.00%,100000,1000000,22.50%,100000,444444,0,0,0,0,1,0,0,0,0,1,100000,2021,11,24,,Dreamland Baby,,Children/Education,Female
1,10,1,0,0,0,1,0,10.00%,500000,5000000,20.00%,500000,2500000,0,0,0,0,0,1,0,0,0,1,500000,2021,11,24,,RollinGreens,,Food and Beverage,Mixed Team
0,10,1,0,0,0,0,0,10.00%,60000,600000,20.00%,60000,300000,0,0,0,1,0,0,0,0,0,1,60000,2021,11,24,,The Mad Optimist,,Health/Wellness,Male